{"stats":{"minecraft:custom":{"minecraft:time_since_rest":23959,"minecraft:sprint_one_cm":29238,"minecraft:interact_with_furnace":1,"minecraft:damage_taken":206,"minecraft:walk_one_cm":44723,"minecraft:mob_kills":1,"minecraft:drop":11,"minecraft:damage_dealt":245,"minecraft:interact_with_crafting_table":4,"minecraft:fly_one_cm":32277,"minecraft:crouch_one_cm":2738,"minecraft:play_time":23959,"minecraft:sneak_time":1340,"minecraft:jump":214,"minecraft:leave_game":1,"minecraft:time_since_death":23959,"minecraft:total_world_time":23959,"minecraft:fall_one_cm":6622},"minecraft:killed":{"minecraft:zombie":1},"minecraft:mined":{"minecraft:snow":2,"minecraft:spruce_log":71,"minecraft:andesite":3,"minecraft:powder_snow":10,"minecraft:crafting_table":2,"minecraft:grass":3,"minecraft:grass_block":14,"minecraft:oak_log":27,"minecraft:dirt_path":1,"minecraft:gravel":20,"minecraft:dirt":21,"minecraft:copper_ore":4,"minecraft:spruce_leaves":9,"minecraft:stone":109,"minecraft:oak_planks":3,"minecraft:oak_leaves":2},"minecraft:picked_up":{"minecraft:stick":3,"minecraft:crafting_table":2,"minecraft:andesite":3,"minecraft:gravel":18,"minecraft:flint":2,"minecraft:oak_log":27,"minecraft:spruce_sapling":8,"minecraft:spruce_log":69,"minecraft:dirt":30,"minecraft:raw_copper":12,"minecraft:bone":2,"minecraft:oak_sapling":8,"minecraft:oak_planks":3,"minecraft:snowball":2,"minecraft:cobblestone":100},"minecraft:used":{"minecraft:wooden_axe":27,"minecraft:stone_sword":3,"minecraft:stone_shovel":61,"minecraft:stone_pickaxe":103,"minecraft:oak_planks":15,"minecraft:wooden_pickaxe":13,"minecraft:stone_axe":89,"minecraft:dirt":26,"minecraft:crafting_table":2},"minecraft:crafted":{"minecraft:wooden_sword":1,"minecraft:oak_planks":108,"minecraft:stone_shovel":1,"minecraft:crafting_table":1,"minecraft:stick":36,"minecraft:wooden_pickaxe":1,"minecraft:stone_pickaxe":1,"minecraft:wooden_axe":1,"minecraft:stone_sword":1,"minecraft:stone_axe":1},"minecraft:dropped":{"minecraft:oak_sapling":8,"minecraft:oak_planks":2,"minecraft:bone":1}},"DataVersion":3465}