{"stats":{"minecraft:custom":{"minecraft:interact_with_furnace":1,"minecraft:mob_kills":4,"minecraft:interact_with_crafting_table":6,"minecraft:open_barrel":5,"minecraft:leave_game":1,"minecraft:time_since_death":3602,"minecraft:time_since_rest":3637,"minecraft:sprint_one_cm":60906,"minecraft:damage_taken":866,"minecraft:walk_one_cm":101202,"minecraft:drop":33,"minecraft:damage_dealt":996,"minecraft:play_noteblock":1,"minecraft:swim_one_cm":18302,"minecraft:fly_one_cm":79300,"minecraft:open_chest":1,"minecraft:crouch_one_cm":6294,"minecraft:play_time":47959,"minecraft:deaths":3,"minecraft:sneak_time":3072,"minecraft:walk_under_water_one_cm":5270,"minecraft:boat_one_cm":59479,"minecraft:jump":578,"minecraft:walk_on_water_one_cm":2981,"minecraft:total_world_time":47959,"minecraft:fall_one_cm":20332},"minecraft:killed":{"minecraft:skeleton":2,"minecraft:zombie":2},"minecraft:mined":{"minecraft:quartz_stairs":4,"minecraft:mossy_cobblestone":2,"minecraft:soul_lantern":1,"minecraft:powder_snow":10,"minecraft:crafting_table":4,"minecraft:note_block":1,"gravestone:gravestone":2,"minecraft:grass_block":27,"minecraft:copper_ore":4,"minecraft:spruce_leaves":9,"minecraft:moss_block":2,"minecraft:oak_planks":3,"minecraft:sandstone":3,"minecraft:sandstone_stairs":3,"minecraft:spawner":1,"minecraft:stone_stairs":1,"minecraft:iron_ore":1,"minecraft:snow":2,"minecraft:spruce_log":71,"minecraft:andesite":4,"minecraft:polished_deepslate":2,"minecraft:grass":3,"minecraft:pointed_dripstone":4,"minecraft:oak_log":27,"minecraft:coal_ore":10,"minecraft:dirt_path":1,"minecraft:iron_bars":1,"minecraft:gravel":20,"minecraft:dirt":26,"minecraft:stripped_mangrove_wood":1,"minecraft:stone":232,"minecraft:oak_leaves":2},"minecraft:picked_up":{"minecraft:crafting_table":4,"minecraft:andesite":3,"minecraft:wooden_pickaxe":1,"minecraft:potato":1,"minecraft:flint":2,"minecraft:oak_log":27,"minecraft:stone_stairs":1,"minecraft:dirt":49,"minecraft:raw_copper":12,"minecraft:bone":5,"minecraft:oak_boat":2,"minecraft:quartz_stairs":2,"minecraft:oak_planks":3,"minecraft:stick":3,"minecraft:raw_iron":1,"minecraft:sandstone":1,"minecraft:note_block":1,"minecraft:gravel":18,"minecraft:spruce_sapling":8,"minecraft:spruce_log":69,"minecraft:carrot":6,"minecraft:mossy_cobblestone":2,"minecraft:arrow":3,"minecraft:sandstone_stairs":6,"minecraft:oak_sapling":8,"minecraft:iron_bars":1,"minecraft:coal":13,"minecraft:snowball":2,"minecraft:cobblestone":230},"minecraft:killed_by":{"minecraft:husk":1,"minecraft:player":1,"minecraft:creeper":1},"minecraft:used":{"minecraft:writable_book":1,"minecraft:stone_sword":25,"minecraft:stone_shovel":67,"minecraft:stone_pickaxe":264,"minecraft:oak_planks":15,"minecraft:wooden_pickaxe":13,"minecraft:sandstone":1,"minecraft:dirt":48,"minecraft:crafting_table":4,"minecraft:carrot":3,"minecraft:wooden_axe":27,"minecraft:stone_axe":92,"minecraft:cobblestone":33,"minecraft:andesite":3,"minecraft:oak_boat":2},"minecraft:crafted":{"minecraft:wooden_sword":1,"minecraft:oak_planks":108,"minecraft:stone_shovel":1,"minecraft:crafting_table":1,"minecraft:wooden_pickaxe":1,"minecraft:stone_axe":1,"minecraft:oak_boat":2,"minecraft:stick":36,"minecraft:stone_pickaxe":3,"minecraft:wooden_axe":1,"minecraft:stone_sword":1},"minecraft:dropped":{"minecraft:gravel":5,"minecraft:sandstone_stairs":6,"minecraft:cobblestone":64,"minecraft:oak_planks":2,"minecraft:carrot":2,"minecraft:dirt":1,"minecraft:potato":1,"minecraft:quartz_stairs":2,"minecraft:oak_boat":2,"minecraft:oak_sapling":8,"gravestone:obituary":1,"minecraft:arrow":3,"minecraft:stone_pickaxe":1,"minecraft:glistering_melon_slice":3,"minecraft:spruce_sapling":8,"minecraft:bone":1}},"DataVersion":3465}