{"stats":{"minecraft:custom":{"minecraft:interact_with_furnace":1,"minecraft:mob_kills":17,"minecraft:interact_with_crafting_table":6,"minecraft:open_barrel":9,"minecraft:eat_cake_slice":6,"minecraft:leave_game":1,"minecraft:time_since_death":15602,"minecraft:time_since_rest":15637,"minecraft:sprint_one_cm":70211,"minecraft:damage_taken":1034,"minecraft:walk_one_cm":127940,"minecraft:drop":59,"minecraft:damage_dealt":5886,"minecraft:play_noteblock":1,"minecraft:swim_one_cm":18302,"minecraft:fly_one_cm":87654,"minecraft:open_chest":4,"minecraft:crouch_one_cm":11557,"minecraft:play_time":59959,"minecraft:deaths":3,"minecraft:sneak_time":6388,"minecraft:walk_under_water_one_cm":5335,"minecraft:boat_one_cm":59479,"minecraft:jump":642,"minecraft:walk_on_water_one_cm":3625,"minecraft:total_world_time":59959,"minecraft:fall_one_cm":22062},"minecraft:killed":{"minecraft:husk":10,"minecraft:skeleton":5,"minecraft:zombie":2},"minecraft:mined":{"minecraft:spruce_planks":5,"minecraft:red_bed":1,"minecraft:quartz_stairs":4,"minecraft:mossy_cobblestone":2,"minecraft:soul_lantern":2,"minecraft:powder_snow":10,"minecraft:crafting_table":4,"minecraft:note_block":1,"gravestone:gravestone":3,"minecraft:grass_block":27,"minecraft:calcite":36,"minecraft:campfire":1,"minecraft:cobblestone":2,"minecraft:copper_ore":4,"minecraft:spruce_leaves":9,"minecraft:moss_block":2,"minecraft:oak_planks":3,"minecraft:diorite":2,"minecraft:sandstone":3,"minecraft:sandstone_stairs":3,"minecraft:spawner":5,"minecraft:stone_stairs":1,"minecraft:iron_ore":1,"minecraft:snow":2,"minecraft:birch_door":1,"minecraft:spruce_log":71,"minecraft:andesite":4,"minecraft:polished_deepslate":2,"minecraft:grass":3,"minecraft:pointed_dripstone":4,"minecraft:oak_log":27,"minecraft:coal_ore":10,"minecraft:dirt_path":1,"minecraft:iron_bars":1,"minecraft:gravel":20,"minecraft:dirt":26,"minecraft:stripped_mangrove_wood":1,"minecraft:stone":232,"minecraft:player_head":1,"minecraft:oak_leaves":2},"minecraft:picked_up":{"minecraft:charcoal":2,"minecraft:leather_chestplate":1,"minecraft:crafting_table":4,"minecraft:chainmail_boots":1,"minecraft:andesite":3,"minecraft:leather_leggings":4,"minecraft:wooden_pickaxe":1,"minecraft:potato":1,"minecraft:flint":2,"minecraft:oak_log":27,"minecraft:chainmail_chestplate":1,"minecraft:red_bed":1,"minecraft:stone_stairs":1,"minecraft:dirt":49,"minecraft:raw_copper":12,"minecraft:armor_stand":3,"minecraft:bone":8,"minecraft:oak_boat":2,"minecraft:calcite":30,"minecraft:diamond_helmet":1,"minecraft:quartz_stairs":2,"minecraft:oak_planks":3,"minecraft:stick":3,"minecraft:raw_iron":1,"minecraft:sandstone":1,"minecraft:note_block":1,"minecraft:gravel":18,"minecraft:spruce_sapling":8,"minecraft:spruce_log":69,"minecraft:carrot":6,"minecraft:leather_helmet":1,"minecraft:mossy_cobblestone":2,"minecraft:arrow":7,"minecraft:honey_bottle":1,"minecraft:soul_lantern":1,"minecraft:sandstone_stairs":6,"minecraft:oak_sapling":8,"minecraft:iron_bars":1,"minecraft:coal":13,"minecraft:snowball":2,"minecraft:cobblestone":233},"minecraft:killed_by":{"minecraft:husk":1,"minecraft:player":1,"minecraft:creeper":1},"minecraft:used":{"minecraft:writable_book":1,"minecraft:stone_sword":111,"minecraft:stone_shovel":67,"minecraft:stone_pickaxe":314,"minecraft:oak_planks":15,"minecraft:wooden_pickaxe":13,"minecraft:sandstone":1,"anthropology_items__structures:hunters_machete":14,"minecraft:dirt":48,"minecraft:crafting_table":4,"minecraft:carrot":3,"minecraft:wooden_axe":27,"minecraft:apple":1,"minecraft:leather_helmet":1,"minecraft:stone_axe":116,"minecraft:cobblestone":95,"minecraft:andesite":3,"minecraft:oak_boat":2},"minecraft:crafted":{"minecraft:wooden_sword":1,"minecraft:oak_planks":108,"minecraft:stone_shovel":1,"minecraft:crafting_table":1,"minecraft:wooden_pickaxe":1,"minecraft:stone_axe":1,"minecraft:oak_boat":2,"minecraft:stick":36,"minecraft:stone_pickaxe":3,"minecraft:wooden_axe":1,"minecraft:stone_sword":1},"minecraft:dropped":{"minecraft:gravel":5,"minecraft:compass":1,"minecraft:stone_sword":1,"minecraft:raw_copper":12,"minecraft:mossy_cobblestone":2,"minecraft:sandstone_stairs":6,"minecraft:cobblestone":65,"minecraft:book":5,"minecraft:oak_planks":2,"minecraft:stone_stairs":1,"minecraft:carrot":2,"minecraft:leather_helmet":2,"minecraft:leather_chestplate":1,"minecraft:dirt":1,"minecraft:potato":1,"minecraft:charcoal":2,"minecraft:wooden_axe":1,"minecraft:quartz_stairs":2,"minecraft:leather_leggings":3,"minecraft:oak_boat":2,"minecraft:oak_sapling":8,"minecraft:map":4,"minecraft:wooden_sword":1,"gravestone:obituary":3,"minecraft:spruce_log":5,"minecraft:arrow":7,"minecraft:wooden_pickaxe":2,"minecraft:stone_pickaxe":1,"minecraft:glistering_melon_slice":3,"minecraft:calcite":30,"minecraft:paper":5,"minecraft:armor_stand":1,"minecraft:spruce_sapling":8,"minecraft:bone":1}},"DataVersion":3465}