{"stats":{"minecraft:broken":{"minecraft:golden_shovel":1,"minecraft:stone_axe":1},"minecraft:crafted":{"minecraft:wooden_sword":1,"minecraft:oak_planks":108,"minecraft:stone_shovel":1,"minecraft:iron_axe":1,"minecraft:stone_pickaxe":3,"minecraft:chest":2,"minecraft:dark_oak_planks":28,"minecraft:emerald":52,"minecraft:crafting_table":2,"minecraft:spruce_planks":256,"minecraft:wooden_pickaxe":1,"minecraft:stone_axe":1,"minecraft:air":0,"minecraft:oak_boat":2,"minecraft:emerald_block":7,"minecraft:stick":525,"minecraft:iron_pickaxe":1,"minecraft:wooden_axe":1,"minecraft:stone_sword":1,"minecraft:gold_ingot":9},"minecraft:custom":{"minecraft:mob_kills":60,"minecraft:interact_with_crafting_table":20,"minecraft:open_barrel":22,"minecraft:eat_cake_slice":17,"minecraft:leave_game":3,"minecraft:time_since_death":93921,"minecraft:climb_one_cm":7612,"minecraft:sprint_one_cm":273261,"minecraft:walk_one_cm":304686,"minecraft:drop":137,"minecraft:play_noteblock":1,"minecraft:talked_to_villager":29,"minecraft:play_time":159791,"minecraft:deaths":4,"minecraft:sneak_time":12271,"minecraft:walk_under_water_one_cm":6553,"minecraft:boat_one_cm":59479,"minecraft:jump":1849,"minecraft:interact_with_blast_furnace":1,"minecraft:walk_on_water_one_cm":6553,"minecraft:total_world_time":159791,"minecraft:interact_with_furnace":3,"minecraft:traded_with_villager":16,"minecraft:sleep_in_bed":3,"minecraft:time_since_rest":13567,"minecraft:damage_taken":1929,"minecraft:damage_dealt":14128,"minecraft:swim_one_cm":24580,"minecraft:fly_one_cm":282018,"minecraft:open_chest":46,"minecraft:crouch_one_cm":23939,"minecraft:interact_with_smoker":1,"minecraft:fall_one_cm":50852,"minecraft:horse_one_cm":202990},"minecraft:killed":{"minecraft:skeleton":34,"minecraft:husk":10,"minecraft:iron_golem":1,"minecraft:sheep":1,"minecraft:zombie":3,"minecraft:cow":11},"minecraft:killed_by":{"minecraft:husk":1,"minecraft:player":1,"minecraft:creeper":1,"minecraft:skeleton":1},"minecraft:dropped":{"minecraft:iron_ingot":2,"minecraft:dark_oak_stairs":2,"minecraft:cooked_beef":1,"minecraft:ender_pearl":1,"minecraft:mossy_cobblestone":2,"minecraft:glass_bottle":2,"anthropology_items__structures:hunters_machete":3,"minecraft:sandstone_stairs":6,"minecraft:iron_helmet":1,"minecraft:sandstone_slab":1,"minecraft:oak_fence":1,"minecraft:cobblestone":138,"minecraft:book":8,"minecraft:lantern":2,"minecraft:grass_block":2,"minecraft:leather_helmet":2,"minecraft:mushroom_stew":1,"minecraft:stick":103,"minecraft:item_frame":1,"minecraft:flint":3,"minecraft:oxeye_daisy":1,"minecraft:dirt":21,"minecraft:diorite":16,"minecraft:dark_oak_trapdoor":4,"minecraft:wooden_axe":1,"anthropology_items__structures:limestone":1,"minecraft:map":4,"gravestone:obituary":4,"minecraft:wooden_sword":1,"minecraft:glistering_melon_slice":3,"minecraft:paper":5,"minecraft:dark_oak_planks":6,"minecraft:cyan_carpet":4,"minecraft:spruce_sapling":8,"minecraft:bone":1,"minecraft:armor_stand":1,"minecraft:gravel":5,"minecraft:note_block":1,"minecraft:compass":1,"minecraft:player_head":1,"minecraft:stone_sword":1,"minecraft:dark_oak_sign":1,"minecraft:raw_copper":12,"minecraft:bowl":2,"minecraft:raw_iron":1,"minecraft:white_carpet":1,"minecraft:oak_planks":2,"minecraft:iron_boots":1,"minecraft:stone_stairs":1,"minecraft:carrot":7,"minecraft:chainmail_chestplate":1,"minecraft:poppy":2,"minecraft:leather_chestplate":1,"minecraft:potato":9,"minecraft:spruce_planks":64,"minecraft:charcoal":2,"minecraft:cake":2,"minecraft:quartz_stairs":2,"minecraft:golden_leggings":1,"minecraft:chainmail_boots":1,"minecraft:oak_boat":2,"minecraft:oak_sapling":8,"minecraft:leather_leggings":3,"minecraft:stone_bricks":1,"minecraft:spruce_log":206,"minecraft:arrow":25,"minecraft:stone_pickaxe":4,"minecraft:wooden_pickaxe":2,"minecraft:calcite":39},"minecraft:used":{"minecraft:writable_book":3,"minecraft:stone_sword":111,"minecraft:stone_shovel":67,"minecraft:chest":2,"minecraft:torch":23,"minecraft:dirt":67,"minecraft:carrot":3,"minecraft:golden_shovel":33,"minecraft:honey_bottle":2,"minecraft:dark_oak_planks":25,"minecraft:wooden_axe":27,"mysticsbiomes:lime_egg":1,"minecraft:lantern":1,"minecraft:iron_axe":105,"minecraft:egg":1,"minecraft:stone_pickaxe":338,"minecraft:oak_planks":72,"minecraft:wooden_pickaxe":13,"minecraft:sandstone":1,"minecraft:fletching_table":2,"anthropology_items__structures:hunters_machete":249,"minecraft:crafting_table":8,"minecraft:mushroom_stew":2,"minecraft:cake":1,"minecraft:apple":8,"minecraft:bread":2,"minecraft:cyan_bed":3,"minecraft:iron_pickaxe":136,"minecraft:leather_helmet":1,"minecraft:stone_axe":124,"minecraft:coal_block":3,"minecraft:cobblestone":221,"minecraft:dark_oak_fence":1,"minecraft:cooked_rabbit":1,"minecraft:andesite":3,"minecraft:pumpkin_pie":9,"minecraft:oak_boat":2,"minecraft:jukebox":1},"minecraft:picked_up":{"minecraft:charcoal":2,"minecraft:iron_chestplate":1,"minecraft:crafting_table":6,"minecraft:sandstone_slab":1,"minecraft:chainmail_boots":1,"minecraft:leather_leggings":4,"minecraft:wooden_pickaxe":1,"minecraft:cooked_rabbit":1,"minecraft:gold_block":1,"minecraft:orange_banner":1,"minecraft:brewing_stand":1,"minecraft:string":36,"minecraft:dark_oak_trapdoor":4,"minecraft:red_bed":1,"minecraft:stone_stairs":1,"minecraft:raw_copper":12,"minecraft:white_carpet":1,"minecraft:iron_leggings":1,"minecraft:item_frame":1,"minecraft:armor_stand":15,"minecraft:experience_bottle":2,"minecraft:cyan_carpet":4,"minecraft:spruce_planks":288,"minecraft:beef":20,"minecraft:oak_boat":2,"minecraft:player_head":2,"minecraft:calcite":39,"minecraft:poppy":2,"minecraft:iron_boots":2,"minecraft:coal_block":6,"minecraft:quartz_stairs":2,"minecraft:egg":1,"minecraft:stick":60,"minecraft:raw_iron":1,"minecraft:sandstone":1,"minecraft:jukebox":2,"minecraft:oak_fence":1,"minecraft:torch":71,"minecraft:note_block":1,"mysticsbiomes:lime_egg":1,"minecraft:diorite":16,"minecraft:carrot":6,"minecraft:dark_oak_planks":3,"minecraft:arrow":25,"minecraft:honey_bottle":1,"minecraft:sandstone_stairs":6,"minecraft:stripped_dark_oak_wood":3,"minecraft:gold_ingot":1,"minecraft:mutton":4,"minecraft:snowball":2,"minecraft:iron_bars":1,"minecraft:white_wool":5,"minecraft:cobblestone":385,"minecraft:oxeye_daisy":1,"minecraft:leather_chestplate":1,"minecraft:cooked_beef":1,"minecraft:andesite":3,"minecraft:leather":9,"minecraft:potato":1,"minecraft:flint":3,"anthropology_items__structures:hunters_machete":2,"minecraft:oak_log":27,"minecraft:chainmail_chestplate":1,"anthropology_items__structures:limestone":1,"minecraft:dirt":88,"minecraft:lantern":4,"minecraft:white_banner":1,"minecraft:bone":34,"minecraft:stone_bricks":1,"minecraft:bow":1,"minecraft:iron_ingot":6,"minecraft:stone_pickaxe":2,"minecraft:dark_oak_sign":1,"minecraft:fletching_table":2,"minecraft:glass_bottle":1,"minecraft:diamond_helmet":1,"minecraft:oak_planks":6,"minecraft:dark_oak_stairs":2,"minecraft:book":98,"minecraft:emerald_block":19,"minecraft:gravel":18,"minecraft:spruce_sapling":8,"minecraft:grass_block":2,"minecraft:spruce_log":279,"minecraft:cyan_bed":4,"minecraft:leather_helmet":1,"minecraft:mossy_cobblestone":2,"minecraft:diamond":2,"minecraft:soul_lantern":1,"minecraft:iron_helmet":1,"minecraft:golden_apple":2,"minecraft:emerald":3,"minecraft:dark_oak_fence":1,"minecraft:oak_sapling":8,"minecraft:dark_oak_wood":4,"minecraft:coal":13},"minecraft:mined":{"minecraft:dark_oak_planks":2,"minecraft:red_carpet":1,"anthropology_items__structures:limestone":1,"minecraft:spruce_planks":5,"minecraft:quartz_stairs":4,"minecraft:mossy_cobblestone":3,"minecraft:brewing_stand":1,"gravestone:gravestone":5,"minecraft:dark_oak_fence":2,"minecraft:grass_block":45,"minecraft:coal_block":6,"minecraft:spruce_leaves":9,"minecraft:moss_block":2,"minecraft:oxeye_daisy":1,"minecraft:sandstone":5,"minecraft:sandstone_stairs":3,"minecraft:spawner":7,"minecraft:dark_oak_trapdoor":4,"minecraft:iron_ore":1,"minecraft:snow":2,"minecraft:target":1,"minecraft:andesite":11,"minecraft:black_carpet":1,"minecraft:fletching_table":2,"minecraft:stripped_dark_oak_wood":5,"minecraft:gold_block":1,"minecraft:peony":1,"minecraft:dark_oak_stairs":4,"minecraft:polished_deepslate":2,"anthropology_items__structures:limestone_brick":1,"minecraft:pointed_dripstone":4,"minecraft:bookshelf":33,"minecraft:dirt_path":1,"minecraft:iron_bars":3,"minecraft:purple_carpet":1,"minecraft:stone":286,"minecraft:stripped_mangrove_wood":5,"minecraft:player_head":2,"minecraft:white_wool":6,"minecraft:sandstone_slab":1,"minecraft:red_bed":1,"minecraft:soul_lantern":2,"minecraft:powder_snow":10,"minecraft:oak_fence":2,"minecraft:crafting_table":7,"minecraft:torch":2,"minecraft:note_block":1,"minecraft:dark_oak_wood":11,"minecraft:calcite":48,"minecraft:chest":1,"minecraft:campfire":2,"minecraft:tall_grass":5,"minecraft:copper_ore":5,"minecraft:cobblestone":37,"minecraft:cyan_bed":5,"minecraft:oak_planks":8,"minecraft:diorite":3,"minecraft:wall_torch":4,"minecraft:spruce_stairs":2,"minecraft:stone_stairs":1,"minecraft:white_carpet":2,"minecraft:jukebox":2,"minecraft:spruce_log":71,"minecraft:birch_door":1,"minecraft:white_wall_banner":1,"minecraft:grass":5,"minecraft:oak_log":27,"minecraft:coal_ore":10,"minecraft:gravel":20,"minecraft:cyan_carpet":4,"minecraft:dirt":61,"minecraft:cobweb":36,"minecraft:stone_bricks":1,"minecraft:orange_wall_banner":1,"anthropology_items__structures:cracked_limestone_brick":1,"minecraft:oak_leaves":3,"minecraft:emerald_block":18,"minecraft:infested_stone":2}},"DataVersion":3465}