{"stats":{"minecraft:broken":{"minecraft:golden_shovel":1,"minecraft:stone_axe":1},"minecraft:crafted":{"minecraft:yellow_wool":2,"minecraft:oak_planks":152,"travelersbackpack:yellow_sleeping_bag":1,"minecraft:glass":12,"minecraft:chest":5,"travelersbackpack:coal":1,"minecraft:emerald":52,"minecraft:crafting_table":4,"minecraft:spruce_planks":264,"minecraft:wooden_pickaxe":1,"travelersbackpack:standard":1,"minecraft:emerald_block":7,"minecraft:yellow_dye":2,"minecraft:stick":525,"minecraft:iron_pickaxe":1,"minecraft:stone_sword":1,"minecraft:gold_ingot":9,"minecraft:wooden_sword":1,"minecraft:stone_shovel":1,"minecraft:furnace":1,"minecraft:iron_axe":1,"minecraft:stone_pickaxe":3,"minecraft:dark_oak_planks":28,"travelersbackpack:backpack_tank":2,"minecraft:stone_axe":1,"minecraft:air":0,"minecraft:oak_boat":3,"minecraft:wooden_axe":1},"minecraft:custom":{"minecraft:interact_with_crafting_table":34,"minecraft:open_barrel":22,"minecraft:eat_cake_slice":17,"minecraft:leave_game":5,"minecraft:time_since_death":173264,"minecraft:sprint_one_cm":352034,"minecraft:drop":180,"minecraft:play_noteblock":1,"minecraft:talked_to_villager":32,"minecraft:play_time":239134,"minecraft:deaths":4,"minecraft:jump":2519,"minecraft:walk_on_water_one_cm":20763,"minecraft:interact_with_furnace":7,"minecraft:traded_with_villager":16,"minecraft:sleep_in_bed":7,"minecraft:damage_dealt":16713,"minecraft:crouch_one_cm":24046,"minecraft:interact_with_smoker":1,"minecraft:horse_one_cm":722655,"minecraft:mob_kills":76,"minecraft:climb_one_cm":8690,"minecraft:walk_one_cm":375260,"minecraft:sneak_time":12565,"minecraft:walk_under_water_one_cm":17668,"minecraft:boat_one_cm":808336,"minecraft:interact_with_blast_furnace":1,"minecraft:total_world_time":239134,"minecraft:time_since_rest":35569,"minecraft:damage_taken":2392,"minecraft:swim_one_cm":69117,"minecraft:fly_one_cm":432661,"minecraft:open_chest":83,"minecraft:fall_one_cm":69483},"minecraft:killed":{"minecraft:skeleton":36,"minecraft:wolf":1,"minecraft:iron_golem":1,"minecraft:sheep":1,"minecraft:trader_llama":1,"minecraft:zombie":5,"minecraft:cow":11,"minecraft:drowned":1,"minecraft:husk":10,"minecraft:wandering_trader":1},"minecraft:killed_by":{"minecraft:creeper":1,"minecraft:husk":1,"minecraft:player":1,"minecraft:skeleton":1},"minecraft:dropped":{"minecraft:iron_sword":1,"minecraft:dark_oak_stairs":2,"minecraft:cooked_beef":1,"minecraft:ender_pearl":1,"minecraft:glass_bottle":2,"minecraft:sandstone_stairs":6,"minecraft:sandstone_slab":1,"minecraft:lantern":2,"minecraft:leather_helmet":3,"minecraft:flint":3,"minecraft:item_frame":5,"minecraft:dirt":21,"minecraft:yellow_dye":4,"minecraft:dark_oak_trapdoor":4,"gravestone:obituary":4,"minecraft:wooden_sword":1,"minecraft:glistering_melon_slice":3,"minecraft:dark_oak_planks":10,"minecraft:cyan_carpet":4,"minecraft:bone":46,"minecraft:armor_stand":2,"minecraft:gravel":5,"minecraft:note_block":1,"minecraft:compass":1,"minecraft:rotten_flesh":1,"minecraft:oak_planks":2,"minecraft:stone_stairs":1,"minecraft:carrot":7,"minecraft:chainmail_chestplate":1,"minecraft:poppy":2,"minecraft:leather_chestplate":2,"minecraft:charcoal":2,"minecraft:chainmail_boots":1,"minecraft:leather_leggings":5,"minecraft:arrow":25,"minecraft:enchanted_book":4,"minecraft:iron_ingot":2,"minecraft:mossy_cobblestone":2,"anthropology_items__structures:hunters_machete":4,"minecraft:oak_fence":1,"minecraft:iron_helmet":1,"minecraft:cobblestone":203,"minecraft:book":8,"minecraft:spruce_stairs":5,"minecraft:grass_block":2,"minecraft:mushroom_stew":1,"minecraft:stick":103,"minecraft:oxeye_daisy":1,"minecraft:diorite":16,"minecraft:wooden_axe":1,"minecraft:brown_wool":2,"anthropology_items__structures:limestone":1,"minecraft:map":4,"minecraft:paper":5,"minecraft:spruce_sapling":8,"minecraft:player_head":1,"minecraft:stone_sword":1,"minecraft:raw_copper":12,"minecraft:dark_oak_sign":1,"minecraft:bowl":2,"minecraft:raw_iron":1,"minecraft:white_carpet":4,"minecraft:iron_boots":2,"minecraft:potato":9,"minecraft:spruce_planks":64,"minecraft:quartz_stairs":2,"minecraft:cake":2,"minecraft:oak_boat":2,"minecraft:golden_leggings":1,"minecraft:oak_sapling":8,"minecraft:stone_bricks":1,"minecraft:diamond_boots":5,"minecraft:spruce_log":286,"minecraft:stone_pickaxe":4,"minecraft:wooden_pickaxe":2,"minecraft:calcite":39},"minecraft:used":{"minecraft:writable_book":3,"minecraft:chest":6,"minecraft:iron_sword":6,"minecraft:carrot":3,"minecraft:honey_bottle":2,"mysticsbiomes:lime_egg":1,"minecraft:lantern":1,"minecraft:furnace":1,"minecraft:egg":1,"minecraft:diamond_boots":2,"minecraft:stone_pickaxe":338,"minecraft:oak_planks":77,"minecraft:wooden_pickaxe":13,"minecraft:sandstone":1,"minecraft:sand":3,"minecraft:mushroom_stew":2,"minecraft:cyan_bed":4,"minecraft:bread":11,"minecraft:coal_block":3,"minecraft:dark_oak_fence":1,"minecraft:cooked_rabbit":1,"minecraft:andesite":3,"minecraft:oak_boat":4,"minecraft:stone_sword":111,"minecraft:stone_shovel":67,"minecraft:torch":25,"minecraft:dirt":73,"minecraft:white_carpet":1,"minecraft:diamond_helmet":3,"minecraft:golden_shovel":33,"minecraft:dark_oak_planks":25,"minecraft:wooden_axe":27,"minecraft:iron_axe":163,"minecraft:iron_boots":1,"minecraft:stone_pressure_plate":1,"travelersbackpack:coal":2,"minecraft:fletching_table":2,"anthropology_items__structures:hunters_machete":303,"minecraft:crafting_table":12,"minecraft:red_bed":1,"minecraft:cake":1,"minecraft:apple":11,"minecraft:iron_pickaxe":157,"minecraft:leather_helmet":1,"minecraft:stone_axe":124,"minecraft:cobblestone":221,"minecraft:white_banner":2,"minecraft:turtle_helmet":2,"minecraft:pumpkin_pie":9,"minecraft:dandelion":1,"minecraft:jukebox":1},"minecraft:picked_up":{"minecraft:iron_chestplate":1,"minecraft:chainmail_boots":1,"minecraft:lead":2,"minecraft:enchanted_book":4,"minecraft:brewing_stand":1,"minecraft:string":36,"minecraft:dark_oak_trapdoor":4,"minecraft:raw_copper":12,"minecraft:iron_leggings":1,"minecraft:armor_stand":18,"minecraft:experience_bottle":2,"minecraft:spruce_planks":288,"minecraft:calcite":39,"minecraft:coal_block":6,"minecraft:furnace":1,"minecraft:iron_boots":2,"minecraft:stick":60,"minecraft:jukebox":2,"minecraft:oak_fence":1,"minecraft:torch":72,"minecraft:spruce_stairs":5,"mysticsbiomes:lime_egg":1,"minecraft:diorite":16,"minecraft:rotten_flesh":1,"minecraft:honey_bottle":1,"minecraft:snowball":2,"minecraft:iron_bars":1,"minecraft:cobblestone":458,"minecraft:leather_chestplate":2,"minecraft:cooked_beef":1,"minecraft:andesite":3,"minecraft:brown_wool":2,"minecraft:potato":1,"minecraft:flint":3,"anthropology_items__structures:hunters_machete":2,"minecraft:lantern":4,"minecraft:dirt":94,"minecraft:bone":80,"minecraft:bow":1,"minecraft:dark_oak_sign":1,"minecraft:fletching_table":2,"minecraft:diamond_helmet":1,"minecraft:oak_planks":64,"minecraft:sand":15,"minecraft:grass_block":2,"minecraft:cyan_bed":5,"minecraft:mossy_cobblestone":2,"minecraft:diamond":2,"minecraft:soul_lantern":1,"minecraft:golden_apple":2,"minecraft:emerald":5,"minecraft:oak_sapling":8,"minecraft:dark_oak_fence":1,"minecraft:charcoal":2,"minecraft:crafting_table":7,"minecraft:sandstone_slab":1,"minecraft:leather_leggings":6,"minecraft:brown_mushroom":3,"minecraft:wooden_pickaxe":1,"minecraft:cooked_rabbit":1,"minecraft:gold_block":1,"minecraft:orange_banner":1,"minecraft:red_bed":1,"minecraft:stone_stairs":1,"minecraft:white_carpet":5,"minecraft:item_frame":5,"minecraft:cyan_carpet":4,"minecraft:beef":20,"minecraft:oak_boat":4,"minecraft:player_head":2,"minecraft:poppy":2,"minecraft:chest":2,"minecraft:quartz_stairs":2,"minecraft:egg":1,"minecraft:raw_iron":1,"minecraft:sandstone":1,"minecraft:note_block":1,"minecraft:carrot":6,"minecraft:stone_pressure_plate":1,"minecraft:dark_oak_planks":7,"minecraft:arrow":25,"minecraft:diamond_boots":6,"minecraft:sandstone_stairs":6,"minecraft:stripped_dark_oak_wood":3,"minecraft:gold_ingot":1,"minecraft:mutton":4,"minecraft:white_wool":5,"minecraft:oxeye_daisy":1,"minecraft:leather":13,"minecraft:yellow_dye":4,"minecraft:oak_log":55,"minecraft:chainmail_chestplate":1,"anthropology_items__structures:limestone":1,"minecraft:white_banner":3,"minecraft:apple":1,"minecraft:stone_bricks":1,"minecraft:iron_ingot":6,"minecraft:stone_pickaxe":2,"minecraft:glass_bottle":1,"minecraft:iron_sword":1,"minecraft:dark_oak_stairs":2,"minecraft:book":99,"minecraft:emerald_block":40,"minecraft:dandelion":1,"minecraft:gravel":18,"minecraft:spruce_sapling":8,"minecraft:spruce_log":359,"minecraft:leather_helmet":2,"minecraft:iron_helmet":1,"minecraft:dark_oak_wood":4,"minecraft:coal":13,"minecraft:sunflower":1},"minecraft:mined":{"minecraft:dark_oak_planks":6,"minecraft:stone_pressure_plate":1,"minecraft:spruce_planks":6,"anthropology_items__structures:limestone":1,"minecraft:jungle_slab":1,"minecraft:brewing_stand":1,"minecraft:grass_block":46,"minecraft:coal_block":6,"minecraft:oxeye_daisy":1,"minecraft:sandstone_stairs":3,"minecraft:spawner":10,"minecraft:dark_oak_trapdoor":4,"minecraft:iron_ore":1,"minecraft:target":1,"minecraft:black_carpet":1,"minecraft:fletching_table":2,"minecraft:stripped_dark_oak_wood":5,"minecraft:dark_oak_stairs":4,"anthropology_items__structures:limestone_brick":1,"minecraft:pointed_dripstone":4,"minecraft:dirt_path":1,"minecraft:iron_bars":3,"minecraft:purple_carpet":1,"minecraft:white_banner":2,"minecraft:stripped_mangrove_wood":5,"minecraft:player_head":2,"minecraft:sandstone_slab":1,"minecraft:red_bed":1,"minecraft:soul_lantern":2,"minecraft:cyan_glazed_terracotta":1,"minecraft:powder_snow":10,"minecraft:torch":2,"minecraft:note_block":1,"minecraft:dark_oak_wood":11,"minecraft:calcite":48,"minecraft:chest":3,"minecraft:mushroom_stem":14,"minecraft:cobblestone":40,"minecraft:cyan_bed":6,"minecraft:oak_planks":11,"minecraft:wall_torch":4,"minecraft:stone_stairs":1,"minecraft:jukebox":2,"minecraft:birch_door":1,"minecraft:grass":5,"minecraft:oak_log":37,"minecraft:sand":15,"minecraft:dirt":67,"anthropology_items__structures:cracked_limestone_brick":1,"minecraft:oak_leaves":12,"minecraft:emerald_block":18,"minecraft:red_carpet":1,"minecraft:quartz_stairs":4,"minecraft:mossy_cobblestone":3,"gravestone:gravestone":5,"minecraft:dark_oak_fence":2,"minecraft:brown_mushroom_block":12,"minecraft:spruce_leaves":9,"minecraft:kelp":1,"minecraft:moss_block":2,"minecraft:sandstone":5,"minecraft:furnace":1,"minecraft:snow":2,"minecraft:andesite":11,"minecraft:peony":1,"minecraft:gold_block":1,"minecraft:polished_deepslate":2,"minecraft:bookshelf":33,"minecraft:stone":294,"minecraft:white_wool":6,"mysticsbiomes:sea_oats":1,"minecraft:dandelion":1,"minecraft:oak_fence":2,"minecraft:crafting_table":9,"minecraft:emerald_ore":2,"minecraft:campfire":2,"minecraft:tall_grass":6,"minecraft:copper_ore":5,"minecraft:diorite":3,"minecraft:spruce_stairs":5,"minecraft:white_carpet":3,"minecraft:spruce_log":71,"minecraft:birch_leaves":1,"minecraft:white_wall_banner":1,"minecraft:coal_ore":10,"minecraft:mycelium":2,"minecraft:sunflower":1,"minecraft:gravel":20,"minecraft:cyan_carpet":4,"minecraft:cobweb":36,"minecraft:stone_bricks":1,"mysticsbiomes:milkweed":1,"minecraft:orange_wall_banner":1,"minecraft:infested_stone":2}},"DataVersion":3465}