{"stats":{"minecraft:custom":{"minecraft:interact_with_furnace":1,"minecraft:mob_kills":4,"minecraft:interact_with_crafting_table":6,"minecraft:open_barrel":5,"minecraft:leave_game":1,"minecraft:time_since_death":7659,"minecraft:time_since_rest":7700,"minecraft:sprint_one_cm":33133,"minecraft:damage_taken":276,"minecraft:walk_one_cm":72046,"minecraft:drop":24,"minecraft:damage_dealt":864,"minecraft:fly_one_cm":40973,"minecraft:open_chest":1,"minecraft:crouch_one_cm":3830,"minecraft:play_time":35959,"minecraft:deaths":1,"minecraft:sneak_time":1898,"minecraft:walk_under_water_one_cm":992,"minecraft:boat_one_cm":59479,"minecraft:jump":318,"minecraft:walk_on_water_one_cm":230,"minecraft:total_world_time":35959,"minecraft:fall_one_cm":8681},"minecraft:killed":{"minecraft:skeleton":2,"minecraft:zombie":2},"minecraft:mined":{"minecraft:quartz_stairs":4,"minecraft:powder_snow":10,"minecraft:crafting_table":4,"gravestone:gravestone":1,"minecraft:grass_block":17,"minecraft:copper_ore":4,"minecraft:spruce_leaves":9,"minecraft:moss_block":1,"minecraft:oak_planks":3,"minecraft:sandstone":3,"minecraft:sandstone_stairs":3,"minecraft:spawner":1,"minecraft:iron_ore":1,"minecraft:snow":2,"minecraft:spruce_log":71,"minecraft:andesite":3,"minecraft:grass":3,"minecraft:oak_log":27,"minecraft:coal_ore":9,"minecraft:dirt_path":1,"minecraft:iron_bars":1,"minecraft:gravel":20,"minecraft:dirt":25,"minecraft:stripped_mangrove_wood":1,"minecraft:stone":181,"minecraft:oak_leaves":2},"minecraft:picked_up":{"minecraft:crafting_table":4,"minecraft:andesite":3,"minecraft:wooden_pickaxe":1,"minecraft:potato":1,"minecraft:flint":2,"minecraft:oak_log":27,"minecraft:dirt":38,"minecraft:raw_copper":12,"minecraft:bone":5,"minecraft:oak_boat":2,"minecraft:quartz_stairs":2,"minecraft:oak_planks":3,"minecraft:stick":3,"minecraft:raw_iron":1,"minecraft:sandstone":1,"minecraft:gravel":18,"minecraft:spruce_sapling":8,"minecraft:spruce_log":69,"minecraft:carrot":6,"minecraft:arrow":3,"minecraft:sandstone_stairs":3,"minecraft:oak_sapling":8,"minecraft:iron_bars":1,"minecraft:coal":12,"minecraft:snowball":2,"minecraft:cobblestone":215},"minecraft:killed_by":{"minecraft:player":1},"minecraft:used":{"minecraft:writable_book":1,"minecraft:stone_sword":21,"minecraft:stone_shovel":67,"minecraft:stone_pickaxe":200,"minecraft:oak_planks":15,"minecraft:wooden_pickaxe":13,"minecraft:sandstone":1,"minecraft:dirt":37,"minecraft:crafting_table":4,"minecraft:carrot":3,"minecraft:wooden_axe":27,"minecraft:stone_axe":91,"minecraft:cobblestone":14,"minecraft:andesite":3,"minecraft:oak_boat":2},"minecraft:crafted":{"minecraft:wooden_sword":1,"minecraft:oak_planks":108,"minecraft:stone_shovel":1,"minecraft:crafting_table":1,"minecraft:wooden_pickaxe":1,"minecraft:stone_axe":1,"minecraft:oak_boat":2,"minecraft:stick":36,"minecraft:stone_pickaxe":3,"minecraft:wooden_axe":1,"minecraft:stone_sword":1},"minecraft:dropped":{"minecraft:gravel":5,"minecraft:oak_planks":2,"minecraft:carrot":2,"minecraft:dirt":1,"minecraft:oak_boat":2,"minecraft:oak_sapling":8,"minecraft:glistering_melon_slice":3,"minecraft:bone":1}},"DataVersion":3465}