{"stats":{"minecraft:broken":{"minecraft:stone_axe":1},"minecraft:crafted":{"minecraft:wooden_sword":1,"minecraft:oak_planks":108,"minecraft:stone_shovel":1,"minecraft:iron_axe":1,"minecraft:stone_pickaxe":3,"minecraft:chest":2,"minecraft:crafting_table":1,"minecraft:wooden_pickaxe":1,"minecraft:stone_axe":1,"minecraft:oak_boat":2,"minecraft:stick":36,"minecraft:iron_pickaxe":1,"minecraft:wooden_axe":1,"minecraft:stone_sword":1},"minecraft:custom":{"minecraft:mob_kills":45,"minecraft:interact_with_crafting_table":9,"minecraft:open_barrel":16,"minecraft:eat_cake_slice":10,"minecraft:leave_game":3,"minecraft:time_since_death":21921,"minecraft:climb_one_cm":1572,"minecraft:sprint_one_cm":109683,"minecraft:walk_one_cm":180908,"minecraft:drop":85,"minecraft:play_noteblock":1,"minecraft:play_time":87791,"minecraft:deaths":4,"minecraft:sneak_time":8888,"minecraft:walk_under_water_one_cm":6113,"minecraft:boat_one_cm":59479,"minecraft:jump":895,"minecraft:interact_with_blast_furnace":1,"minecraft:walk_on_water_one_cm":4444,"minecraft:total_world_time":87791,"minecraft:interact_with_furnace":2,"minecraft:time_since_rest":21949,"minecraft:damage_taken":1374,"minecraft:damage_dealt":11030,"minecraft:swim_one_cm":23158,"minecraft:fly_one_cm":116696,"minecraft:open_chest":11,"minecraft:crouch_one_cm":16404,"minecraft:fall_one_cm":27380},"minecraft:killed":{"minecraft:skeleton":31,"minecraft:husk":10,"minecraft:sheep":1,"minecraft:zombie":2,"minecraft:cow":1},"minecraft:killed_by":{"minecraft:husk":1,"minecraft:player":1,"minecraft:creeper":1,"minecraft:skeleton":1},"minecraft:dropped":{"minecraft:dark_oak_stairs":2,"minecraft:cooked_beef":1,"minecraft:mossy_cobblestone":2,"minecraft:glass_bottle":2,"minecraft:sandstone_stairs":6,"minecraft:cobblestone":88,"minecraft:book":8,"minecraft:leather_helmet":2,"minecraft:item_frame":1,"minecraft:flint":1,"minecraft:dirt":3,"minecraft:diorite":16,"minecraft:dark_oak_trapdoor":4,"minecraft:wooden_axe":1,"minecraft:map":4,"gravestone:obituary":4,"minecraft:wooden_sword":1,"minecraft:glistering_melon_slice":3,"minecraft:paper":5,"minecraft:cyan_carpet":4,"minecraft:spruce_sapling":8,"minecraft:bone":1,"minecraft:armor_stand":1,"minecraft:gravel":5,"minecraft:compass":1,"minecraft:stone_sword":1,"minecraft:dark_oak_sign":1,"minecraft:raw_copper":12,"minecraft:bowl":1,"minecraft:raw_iron":1,"minecraft:oak_planks":2,"minecraft:stone_stairs":1,"minecraft:carrot":2,"minecraft:leather_chestplate":1,"minecraft:potato":1,"minecraft:charcoal":2,"minecraft:cake":1,"minecraft:quartz_stairs":2,"minecraft:oak_boat":2,"minecraft:oak_sapling":8,"minecraft:leather_leggings":3,"minecraft:spruce_log":5,"minecraft:arrow":8,"minecraft:stone_pickaxe":4,"minecraft:wooden_pickaxe":2,"minecraft:calcite":39},"minecraft:used":{"minecraft:writable_book":1,"minecraft:stone_sword":111,"minecraft:stone_shovel":67,"minecraft:chest":2,"minecraft:torch":4,"minecraft:dirt":64,"minecraft:carrot":3,"minecraft:honey_bottle":2,"minecraft:wooden_axe":27,"minecraft:iron_axe":28,"minecraft:stone_pickaxe":338,"minecraft:oak_planks":52,"minecraft:wooden_pickaxe":13,"minecraft:sandstone":1,"anthropology_items__structures:hunters_machete":140,"minecraft:crafting_table":6,"minecraft:mushroom_stew":1,"minecraft:apple":1,"minecraft:iron_pickaxe":6,"minecraft:leather_helmet":1,"minecraft:stone_axe":124,"minecraft:cobblestone":143,"minecraft:cooked_rabbit":1,"minecraft:andesite":3,"minecraft:pumpkin_pie":2,"minecraft:oak_boat":2},"minecraft:picked_up":{"minecraft:charcoal":2,"minecraft:crafting_table":4,"minecraft:chainmail_boots":1,"minecraft:leather_leggings":4,"minecraft:wooden_pickaxe":1,"minecraft:cooked_rabbit":1,"minecraft:orange_banner":1,"minecraft:brewing_stand":1,"minecraft:dark_oak_trapdoor":4,"minecraft:red_bed":1,"minecraft:stone_stairs":1,"minecraft:raw_copper":12,"minecraft:item_frame":1,"minecraft:armor_stand":3,"minecraft:cyan_carpet":4,"minecraft:beef":2,"minecraft:oak_boat":2,"minecraft:player_head":1,"minecraft:calcite":39,"minecraft:quartz_stairs":2,"minecraft:stick":3,"minecraft:raw_iron":1,"minecraft:sandstone":1,"minecraft:jukebox":1,"minecraft:note_block":1,"minecraft:diorite":16,"minecraft:carrot":6,"minecraft:arrow":25,"minecraft:honey_bottle":1,"minecraft:sandstone_stairs":6,"minecraft:mutton":4,"minecraft:snowball":2,"minecraft:iron_bars":1,"minecraft:white_wool":2,"minecraft:cobblestone":257,"minecraft:leather_chestplate":1,"minecraft:cooked_beef":1,"minecraft:andesite":3,"minecraft:potato":1,"minecraft:flint":3,"minecraft:oak_log":27,"minecraft:chainmail_chestplate":1,"minecraft:dirt":67,"minecraft:white_banner":1,"minecraft:bone":31,"minecraft:stone_pickaxe":2,"minecraft:dark_oak_sign":1,"minecraft:glass_bottle":1,"minecraft:diamond_helmet":1,"minecraft:oak_planks":5,"minecraft:dark_oak_stairs":2,"minecraft:book":36,"minecraft:gravel":18,"minecraft:spruce_sapling":8,"minecraft:spruce_log":69,"minecraft:cyan_bed":1,"minecraft:leather_helmet":1,"minecraft:mossy_cobblestone":2,"minecraft:soul_lantern":1,"minecraft:golden_apple":2,"minecraft:oak_sapling":8,"minecraft:coal":13},"minecraft:mined":{"minecraft:dark_oak_planks":2,"minecraft:spruce_planks":5,"minecraft:quartz_stairs":4,"minecraft:mossy_cobblestone":2,"minecraft:brewing_stand":1,"gravestone:gravestone":5,"minecraft:grass_block":35,"minecraft:spruce_leaves":9,"minecraft:moss_block":2,"minecraft:sandstone":3,"minecraft:sandstone_stairs":3,"minecraft:spawner":7,"minecraft:dark_oak_trapdoor":4,"minecraft:iron_ore":1,"minecraft:snow":2,"minecraft:andesite":4,"minecraft:peony":1,"minecraft:dark_oak_stairs":4,"minecraft:polished_deepslate":2,"minecraft:pointed_dripstone":4,"minecraft:bookshelf":14,"minecraft:dirt_path":1,"minecraft:iron_bars":1,"minecraft:stone":232,"minecraft:stripped_mangrove_wood":5,"minecraft:player_head":2,"minecraft:red_bed":1,"minecraft:soul_lantern":2,"minecraft:powder_snow":10,"minecraft:crafting_table":4,"minecraft:note_block":1,"minecraft:calcite":48,"minecraft:campfire":2,"minecraft:tall_grass":1,"minecraft:copper_ore":4,"minecraft:cobblestone":11,"minecraft:cyan_bed":2,"minecraft:oak_planks":6,"minecraft:diorite":3,"minecraft:spruce_stairs":2,"minecraft:stone_stairs":1,"minecraft:jukebox":1,"minecraft:spruce_log":71,"minecraft:birch_door":1,"minecraft:white_wall_banner":1,"minecraft:grass":3,"minecraft:oak_log":27,"minecraft:coal_ore":10,"minecraft:gravel":20,"minecraft:cyan_carpet":4,"minecraft:dirt":33,"minecraft:orange_wall_banner":1,"minecraft:oak_leaves":2}},"DataVersion":3465}