{"stats":{"minecraft:killed":{"wyrmroost:lesser_desertwyrm":2,"alexsmobs:guster":1},"minecraft:killed_by":{"minecraft:player":1},"minecraft:custom":{"minecraft:time_since_rest":4906,"minecraft:crouch_one_cm":802,"minecraft:play_one_minute":12549,"minecraft:deaths":2,"minecraft:sprint_one_cm":20149,"minecraft:damage_taken":520,"minecraft:walk_one_cm":24259,"minecraft:sneak_time":344,"minecraft:walk_under_water_one_cm":375,"minecraft:mob_kills":3,"minecraft:jump":263,"minecraft:leave_game":2,"minecraft:time_since_death":4876,"minecraft:walk_on_water_one_cm":3583,"minecraft:swim_one_cm":2688,"minecraft:fall_one_cm":5794,"minecraft:fly_one_cm":84754,"minecraft:player_kills":2},"minecraft:used":{"minecraft:wooden_sword":22},"minecraft:mined":{"minecraft:cactus":2,"minecraft:sand":3},"minecraft:picked_up":{"bloodandmadness:coldblood_dew":4,"minecraft:cactus":2,"alexsmobs:guster_eye":1,"minecraft:sand":3,"wyrmroost:desert_wyrm":2}},"DataVersion":2586}