{"stats":{"minecraft:custom":{"minecraft:jump":108,"minecraft:time_since_rest":637,"minecraft:leave_game":1,"minecraft:crouch_one_cm":666,"minecraft:play_one_minute":3810,"minecraft:deaths":1,"minecraft:damage_taken":230,"minecraft:sprint_one_cm":7197,"minecraft:time_since_death":604,"minecraft:walk_one_cm":7176,"minecraft:sneak_time":302,"minecraft:fall_one_cm":2775,"minecraft:fly_one_cm":18075},"minecraft:picked_up":{"minecraft:sand":3,"minecraft:cactus":2},"minecraft:used":{"minecraft:wooden_sword":5},"minecraft:mined":{"minecraft:cactus":2,"minecraft:sand":3}},"DataVersion":2586}