{"stats":{"minecraft:picked_up":{"minecraft:feather":2,"minecraft:cooked_beef":50,"minecraft:chicken":1,"minecraft:wheat_seeds":2,"minecraft:beef":2,"minecraft:dirt":3},"minecraft:used":{"minecraft:dirt":3},"minecraft:killed_by":{"minecraft:player":1},"minecraft:custom":{"minecraft:time_since_rest":980,"minecraft:walk_one_cm":11913,"minecraft:crouch_one_cm":505,"minecraft:play_time":10102,"minecraft:sprint_one_cm":26112,"minecraft:damage_taken":905,"minecraft:deaths":7,"minecraft:sneak_time":309,"minecraft:drop":43,"minecraft:jump":491,"minecraft:damage_dealt":263,"minecraft:leave_game":1,"minecraft:time_since_death":955,"minecraft:total_world_time":10102,"minecraft:player_kills":1,"minecraft:fall_one_cm":19798,"minecraft:fly_one_cm":42960},"minecraft:mined":{"minecraft:grass":18,"minecraft:grass_block":2,"minecraft:dirt":1},"minecraft:dropped":{"minecraft:chicken":1,"minecraft:feather":2,"minecraft:wheat_seeds":2,"minecraft:beef":2,"minecraft:cooked_beef":37}},"DataVersion":3465}