{"stats":{"minecraft:custom":{"minecraft:mob_kills":48,"minecraft:interact_with_crafting_table":25,"minecraft:open_barrel":5,"minecraft:bell_ring":15,"minecraft:eat_cake_slice":8,"minecraft:leave_game":8,"minecraft:time_since_death":39905,"minecraft:climb_one_cm":10883,"minecraft:sprint_one_cm":290415,"minecraft:walk_one_cm":573341,"minecraft:drop":110,"minecraft:talked_to_villager":13,"minecraft:play_time":259033,"minecraft:deaths":9,"minecraft:sneak_time":5417,"minecraft:walk_under_water_one_cm":20186,"minecraft:boat_one_cm":47711,"minecraft:jump":2246,"minecraft:interact_with_blast_furnace":7,"minecraft:walk_on_water_one_cm":7064,"minecraft:total_world_time":259033,"minecraft:interact_with_furnace":56,"minecraft:sleep_in_bed":6,"minecraft:time_since_rest":39967,"minecraft:damage_taken":4818,"minecraft:damage_dealt":11343,"minecraft:swim_one_cm":1794,"minecraft:player_kills":1,"minecraft:fly_one_cm":423434,"minecraft:open_chest":69,"minecraft:crouch_one_cm":7366,"minecraft:interact_with_smoker":15,"minecraft:fall_one_cm":63984},"minecraft:killed":{"weeping_angels:weeping_angel":6,"graveyard:skeleton_creeper":1,"graveyard:nightmare":1,"graveyard:revenant":2,"minecraft:spider":3,"minecraft:skeleton":4,"minecraft:husk":7,"minecraft:pig":1,"minecraft:zombie_villager":1,"minecraft:salmon":2,"minecraft:iron_golem":2,"minecraft:sheep":3,"minecraft:zombie":14,"minecraft:stray":1},"minecraft:mined":{"minecraft:spruce_planks":4,"minecraft:dark_oak_fence":1,"minecraft:cobbled_deepslate_slab":1,"minecraft:lever":1,"gravestone:gravestone":1,"minecraft:granite":3,"minecraft:grass_block":16,"minecraft:jungle_log":1,"minecraft:crimson_roots":1,"minecraft:redstone_wire":34,"minecraft:spruce_leaves":4,"minecraft:spawner":1,"minecraft:hay_block":3,"minecraft:furnace":4,"minecraft:carrots":4,"minecraft:andesite":1,"minecraft:stripped_dark_oak_wood":1,"minecraft:vine":1,"minecraft:polished_deepslate_slab":1,"minecraft:potatoes":12,"minecraft:bookshelf":23,"minecraft:pointed_dripstone":20,"minecraft:deepslate_iron_ore":1,"minecraft:dirt_path":5,"minecraft:stone":721,"minecraft:redstone_wall_torch":1,"minecraft:deepslate_redstone_ore":5,"minecraft:smoker":2,"travelersbackpack:standard":1,"minecraft:crafting_table":1,"minecraft:torch":3,"minecraft:dark_oak_wood":1,"minecraft:chest":1,"minecraft:campfire":14,"minecraft:cobblestone":28,"minecraft:copper_ore":10,"minecraft:deepslate_gold_ore":2,"minecraft:diorite":24,"minecraft:blue_bed":2,"minecraft:wall_torch":5,"minecraft:repeater":19,"minecraft:birch_log":4,"minecraft:redstone_torch":9,"minecraft:wheat":1,"minecraft:spruce_log":52,"minecraft:stone_brick_stairs":1,"minecraft:grass":2,"minecraft:coal_ore":28,"minecraft:dirt":17,"minecraft:deepslate":4,"minecraft:redstone_lamp":53},"minecraft:picked_up":{"minecraft:charcoal":40,"minecraft:iron_chestplate":1,"minecraft:crafting_table":1,"minecraft:redstone_block":1,"minecraft:redstone_lamp":43,"minecraft:wooden_pickaxe":1,"minecraft:stone_brick_stairs":1,"gravestone:obituary":1,"minecraft:string":10,"minecraft:raw_copper":392,"minecraft:cooked_salmon":1,"minecraft:item_frame":3,"graveyard:corruption":4,"minecraft:comparator":1,"minecraft:spruce_planks":4,"minecraft:beef":9,"minecraft:redstone_torch":11,"minecraft:chest":1,"minecraft:birch_sapling":1,"minecraft:furnace":4,"minecraft:dark_oak_door":1,"minecraft:raw_iron":13,"minecraft:stick":15,"minecraft:stone":1,"minecraft:torch":11,"minecraft:porkchop":16,"minecraft:pointed_dripstone":41,"minecraft:diorite":22,"minecraft:carrot":15,"minecraft:redstone":102,"minecraft:rotten_flesh":23,"minecraft:arrow":6,"minecraft:hay_block":4,"minecraft:stripped_dark_oak_wood":1,"minecraft:white_wool":3,"minecraft:snowball":16,"minecraft:mutton":7,"minecraft:cobblestone":870,"minecraft:cod":5,"minecraft:birch_log":2,"minecraft:cooked_beef":231,"minecraft:repeater":20,"minecraft:salmon":6,"minecraft:smoker":2,"minecraft:potato":22,"minecraft:filled_map":2,"minecraft:cobblestone_stairs":6,"minecraft:blue_bed":4,"minecraft:lapis_lazuli":31,"minecraft:dirt":36,"travelersbackpack:hose_nozzle":2,"minecraft:cooked_mutton":1,"minecraft:bone":5,"minecraft:apple":5,"minecraft:wheat_seeds":8,"minecraft:raw_gold":8,"minecraft:iron_ingot":10,"minecraft:stone_pickaxe":1,"minecraft:cyan_candle":2,"minecraft:rabbit":6,"minecraft:book":69,"minecraft:spruce_sapling":14,"minecraft:nether_brick_slab":5,"minecraft:spruce_log":54,"minecraft:spider_eye":2,"travelersbackpack:white_sleeping_bag":1,"travelersbackpack:standard":2,"minecraft:diamond":2,"minecraft:lever":1,"minecraft:writable_book":1,"minecraft:blue_ice":1,"minecraft:granite":6,"minecraft:bread":43,"minecraft:emerald":3,"minecraft:baked_potato":7,"minecraft:dark_oak_fence":1,"minecraft:dark_oak_wood":1,"minecraft:coal":333,"minecraft:crimson_roots":1},"minecraft:killed_by":{"minecraft:husk":4,"minecraft:player":1,"minecraft:iron_golem":1},"minecraft:crafted":{"minecraft:redstone":9,"minecraft:piston":6,"minecraft:stone":34,"minecraft:cobblestone_stairs":16,"minecraft:lever":1,"minecraft:glass":25,"minecraft:stone_pickaxe":5,"minecraft:chest":2,"minecraft:cooked_rabbit":6,"minecraft:wheat":36,"minecraft:cooked_beef":9,"minecraft:wooden_shovel":2,"minecraft:spruce_sign":6,"minecraft:crafting_table":3,"minecraft:spruce_planks":216,"minecraft:wooden_pickaxe":2,"minecraft:baked_potato":51,"minecraft:bucket":1,"minecraft:birch_planks":8,"minecraft:stone_axe":2,"minecraft:bread":12,"minecraft:stick":32,"minecraft:iron_ingot":14,"minecraft:iron_pickaxe":1,"minecraft:gold_ingot":8,"minecraft:redstone_torch":2,"minecraft:torch":24},"minecraft:used":{"minecraft:writable_book":2,"minecraft:redstone":40,"minecraft:spruce_planks":26,"minecraft:chest":3,"minecraft:stone":35,"weeping_angels:angel_spawner":1,"minecraft:wooden_shovel":15,"minecraft:cooked_salmon":1,"minecraft:torch":35,"minecraft:dirt":30,"minecraft:carrot":16,"weeping_angels:statue":1,"minecraft:repeater":2,"minecraft:furnace":4,"minecraft:cooked_beef":2,"minecraft:golden_axe":14,"minecraft:pointed_dripstone":1,"minecraft:cooked_mutton":1,"minecraft:water_bucket":16,"minecraft:diorite":4,"minecraft:cobblestone_stairs":16,"minecraft:birch_planks":4,"minecraft:stone_pickaxe":596,"minecraft:baked_potato":1,"minecraft:wooden_pickaxe":116,"minecraft:spruce_sign":1,"minecraft:blue_bed":3,"minecraft:white_wool":3,"minecraft:crafting_table":4,"minecraft:smoker":2,"minecraft:redstone_torch":10,"minecraft:lever":2,"minecraft:apple":3,"minecraft:bread":50,"minecraft:iron_pickaxe":251,"minecraft:stone_axe":223,"minecraft:cobblestone":186,"travelersbackpack:standard":7,"minecraft:dark_oak_fence":1,"minecraft:bucket":17},"minecraft:broken":{"minecraft:golden_helmet":1,"minecraft:wooden_pickaxe":1,"minecraft:stone_pickaxe":5,"minecraft:golden_axe":1,"minecraft:stone_axe":1,"minecraft:iron_pickaxe":1},"minecraft:dropped":{"minecraft:wheat_seeds":2,"minecraft:cooked_beef":52,"minecraft:baked_potato":50,"minecraft:cobblestone":590,"minecraft:granite":2,"minecraft:item_frame":2,"minecraft:cobblestone_stairs":1,"minecraft:dirt":2,"minecraft:dark_oak_wood":1,"minecraft:mutton":1,"minecraft:stripped_dark_oak_wood":1,"minecraft:cyan_candle":2,"gravestone:obituary":6,"minecraft:spruce_sapling":3,"minecraft:bone":3,"minecraft:dark_oak_door":1,"minecraft:nether_brick_slab":5,"minecraft:compass":1,"minecraft:rotten_flesh":16,"minecraft:salmon":2,"minecraft:filled_map":1,"travelersbackpack:white_sleeping_bag":1,"minecraft:spruce_planks":1,"minecraft:golden_leggings":1,"minecraft:spider_eye":2,"minecraft:glass":25,"minecraft:stone_pickaxe":1,"minecraft:stone_brick_stairs":1}},"DataVersion":3465}