{"stats":{"minecraft:dropped":{"minecraft:cooked_beef":52},"minecraft:mined":{"minecraft:grass":1,"minecraft:grass_block":1},"minecraft:killed_by":{"minecraft:player":1},"minecraft:used":{"minecraft:dirt":1,"minecraft:cooked_beef":2},"minecraft:picked_up":{"minecraft:cooked_beef":231,"minecraft:wheat_seeds":6,"minecraft:dirt":1},"minecraft:custom":{"minecraft:time_since_rest":6167,"minecraft:deaths":3,"minecraft:crouch_one_cm":29,"minecraft:sprint_one_cm":2151,"minecraft:play_time":23151,"minecraft:damage_taken":407,"minecraft:walk_one_cm":17270,"minecraft:sneak_time":35,"minecraft:drop":52,"minecraft:jump":172,"minecraft:damage_dealt":213,"minecraft:leave_game":4,"minecraft:time_since_death":6130,"minecraft:total_world_time":23151,"minecraft:fall_one_cm":7806,"minecraft:fly_one_cm":15003,"minecraft:player_kills":1}},"DataVersion":3465}