{"stats":{"minecraft:custom":{"minecraft:interact_with_furnace":44,"minecraft:mob_kills":22,"minecraft:interact_with_crafting_table":15,"minecraft:open_barrel":2,"minecraft:eat_cake_slice":4,"minecraft:leave_game":8,"minecraft:time_since_death":85882,"minecraft:sleep_in_bed":4,"minecraft:time_since_rest":43706,"minecraft:sprint_one_cm":118855,"minecraft:damage_taken":1615,"minecraft:walk_one_cm":279806,"minecraft:drop":65,"minecraft:damage_dealt":5275,"minecraft:talked_to_villager":13,"minecraft:fly_one_cm":263725,"minecraft:player_kills":1,"minecraft:open_chest":23,"minecraft:crouch_one_cm":3567,"minecraft:play_time":145033,"minecraft:deaths":5,"minecraft:sneak_time":2553,"minecraft:walk_under_water_one_cm":17913,"minecraft:jump":1009,"minecraft:walk_on_water_one_cm":4070,"minecraft:interact_with_smoker":11,"minecraft:total_world_time":145033,"minecraft:fall_one_cm":33675},"minecraft:killed":{"weeping_angels:weeping_angel":6,"graveyard:skeleton_creeper":1,"graveyard:revenant":2,"minecraft:spider":2,"minecraft:iron_golem":2,"minecraft:skeleton":1,"minecraft:zombie":7,"minecraft:stray":1},"minecraft:mined":{"minecraft:deepslate_redstone_ore":5,"minecraft:spruce_planks":4,"minecraft:smoker":2,"minecraft:granite":3,"minecraft:torch":3,"gravestone:gravestone":1,"minecraft:grass_block":4,"minecraft:campfire":13,"minecraft:redstone_wire":4,"minecraft:copper_ore":10,"minecraft:cobblestone":23,"minecraft:spruce_leaves":1,"minecraft:deepslate_gold_ore":2,"minecraft:diorite":20,"minecraft:wall_torch":5,"minecraft:blue_bed":1,"minecraft:furnace":4,"minecraft:carrots":4,"minecraft:redstone_torch":3,"minecraft:wheat":1,"minecraft:spruce_log":11,"minecraft:andesite":1,"minecraft:pointed_dripstone":20,"minecraft:grass":1,"minecraft:bookshelf":1,"minecraft:potatoes":12,"minecraft:coal_ore":24,"minecraft:deepslate_iron_ore":1,"minecraft:dirt_path":1,"minecraft:dirt":3,"minecraft:stone":607,"minecraft:deepslate":4},"minecraft:picked_up":{"minecraft:charcoal":26,"minecraft:iron_chestplate":1,"minecraft:cooked_beef":231,"minecraft:salmon":4,"minecraft:wooden_pickaxe":1,"minecraft:smoker":2,"minecraft:potato":21,"gravestone:obituary":1,"minecraft:string":2,"minecraft:lapis_lazuli":31,"minecraft:cobblestone_stairs":6,"minecraft:raw_copper":390,"minecraft:dirt":9,"minecraft:blue_bed":3,"minecraft:cooked_salmon":1,"travelersbackpack:hose_nozzle":1,"minecraft:bone":4,"minecraft:apple":3,"graveyard:corruption":1,"minecraft:wheat_seeds":7,"minecraft:raw_gold":8,"minecraft:stone_pickaxe":1,"minecraft:spruce_planks":4,"minecraft:beef":9,"minecraft:iron_ingot":10,"minecraft:redstone_torch":3,"minecraft:rabbit":6,"minecraft:furnace":4,"minecraft:book":3,"minecraft:raw_iron":13,"minecraft:stone":1,"minecraft:torch":11,"minecraft:porkchop":14,"minecraft:spruce_sapling":3,"minecraft:pointed_dripstone":41,"minecraft:diorite":20,"minecraft:spruce_log":11,"minecraft:carrot":15,"minecraft:redstone":62,"minecraft:spider_eye":1,"travelersbackpack:white_sleeping_bag":1,"minecraft:arrow":2,"minecraft:rotten_flesh":9,"minecraft:diamond":2,"minecraft:writable_book":1,"minecraft:hay_block":1,"minecraft:blue_ice":1,"minecraft:granite":4,"minecraft:emerald":3,"minecraft:bread":41,"minecraft:mutton":3,"minecraft:cod":5,"minecraft:coal":103,"minecraft:cobblestone":597},"minecraft:killed_by":{"minecraft:player":1,"minecraft:iron_golem":1},"minecraft:used":{"minecraft:water_bucket":16,"minecraft:writable_book":2,"minecraft:cobblestone_stairs":10,"minecraft:stone_pickaxe":596,"minecraft:chest":2,"minecraft:spruce_planks":7,"minecraft:wooden_pickaxe":70,"minecraft:stone":1,"minecraft:cooked_salmon":1,"minecraft:blue_bed":2,"minecraft:wooden_shovel":12,"weeping_angels:angel_spawner":1,"minecraft:torch":35,"minecraft:dirt":5,"minecraft:crafting_table":2,"minecraft:carrot":16,"minecraft:smoker":2,"weeping_angels:statue":1,"minecraft:apple":3,"minecraft:bread":7,"minecraft:iron_pickaxe":122,"minecraft:stone_axe":71,"minecraft:cobblestone":158,"minecraft:furnace":4,"minecraft:bucket":17,"minecraft:cooked_beef":2,"minecraft:pointed_dripstone":1},"minecraft:crafted":{"minecraft:cooked_beef":9,"minecraft:wooden_shovel":1,"minecraft:crafting_table":2,"minecraft:spruce_planks":44,"minecraft:baked_potato":2,"minecraft:wooden_pickaxe":1,"minecraft:cobblestone_stairs":16,"minecraft:bucket":1,"minecraft:stone_axe":1,"minecraft:bread":3,"minecraft:stick":24,"minecraft:iron_ingot":14,"minecraft:iron_pickaxe":1,"minecraft:stone_pickaxe":5,"minecraft:gold_ingot":8,"minecraft:chest":2,"minecraft:torch":24,"minecraft:cooked_rabbit":6,"minecraft:wheat":9},"minecraft:dropped":{"minecraft:wheat_seeds":1,"minecraft:cooked_beef":52,"minecraft:baked_potato":1,"minecraft:rotten_flesh":4,"minecraft:granite":1,"minecraft:cobblestone_stairs":1,"minecraft:dirt":1,"minecraft:mutton":1,"gravestone:obituary":2,"minecraft:stone_pickaxe":1,"minecraft:spruce_sapling":3,"minecraft:bone":2},"minecraft:broken":{"minecraft:stone_pickaxe":5,"minecraft:wooden_pickaxe":1}},"DataVersion":3465}