{"stats":{"minecraft:killed":{"minecraft:skeleton":1,"farlanders:fanmade_enderman":1,"minecraft:husk":1,"bloodandmadness:church_doctor_lantern":1,"bloodandmadness:beast_patient":1},"minecraft:killed_by":{"minecraft:player":2,"farlanders:fanmade_enderman":1},"minecraft:custom":{"minecraft:time_since_rest":2403,"minecraft:play_one_minute":15357,"minecraft:deaths":3,"minecraft:sprint_one_cm":27705,"minecraft:walk_one_cm":47904,"minecraft:damage_taken":1440,"minecraft:sneak_time":33,"minecraft:damage_blocked_by_shield":230,"minecraft:walk_under_water_one_cm":4105,"minecraft:mob_kills":5,"minecraft:drop":1,"minecraft:jump":211,"minecraft:damage_dealt":200,"minecraft:leave_game":1,"minecraft:time_since_death":2379,"minecraft:walk_on_water_one_cm":7487,"minecraft:swim_one_cm":5252,"minecraft:fall_one_cm":3945,"minecraft:fly_one_cm":36906,"minecraft:player_kills":1},"minecraft:used":{"minecraft:rotten_flesh":2,"minecraft:sand":1,"minecraft:wooden_sword":39,"minecraft:bread":9,"bloodandmadness:blood_vial":2,"minecraft:shield":6},"minecraft:mined":{"minecraft:sand":1},"minecraft:picked_up":{"bloodandmadness:coldblood_dew":17,"minecraft:rotten_flesh":3,"bloodandmadness:blood_vial":2,"minecraft:sand":5,"minecraft:bread":1,"bloodandmadness:blood_stone_shard":2},"minecraft:dropped":{"minecraft:bread":1}},"DataVersion":2586}