{"stats":{"minecraft:mined":{"minecraft:grass":1,"minecraft:grass_block":1},"minecraft:picked_up":{"minecraft:cooked_beef":231,"minecraft:wheat_seeds":6,"gravestone:obituary":1,"minecraft:dirt":1},"minecraft:dropped":{"gravestone:obituary":1,"minecraft:cooked_beef":52},"minecraft:used":{"weeping_angels:angel_spawner":1,"weeping_angels:statue":1,"minecraft:dirt":1,"minecraft:cooked_beef":2},"minecraft:custom":{"minecraft:time_since_rest":3368,"minecraft:deaths":4,"minecraft:crouch_one_cm":38,"minecraft:sprint_one_cm":3847,"minecraft:play_time":32641,"minecraft:damage_taken":587,"minecraft:walk_one_cm":19315,"minecraft:sneak_time":272,"minecraft:drop":53,"minecraft:jump":175,"minecraft:damage_dealt":213,"minecraft:leave_game":8,"minecraft:time_since_death":3263,"minecraft:total_world_time":32641,"minecraft:fall_one_cm":10103,"minecraft:fly_one_cm":103632,"minecraft:player_kills":1},"minecraft:killed_by":{"minecraft:player":1}},"DataVersion":3465}