{"stats":{"minecraft:killed":{"minecraft:husk":1},"minecraft:custom":{"minecraft:jump":29,"minecraft:time_since_rest":2082,"minecraft:play_one_minute":2082,"minecraft:sprint_one_cm":6722,"minecraft:damage_taken":25,"minecraft:time_since_death":2082,"minecraft:walk_one_cm":12845,"minecraft:mob_kills":1,"minecraft:fall_one_cm":209,"minecraft:fly_one_cm":3718},"minecraft:used":{"minecraft:wooden_sword":6},"minecraft:picked_up":{"bloodandmadness:coldblood_dew":1,"minecraft:rotten_flesh":1}},"DataVersion":2586}