{"stats":{"minecraft:custom":{"minecraft:interact_with_furnace":4,"minecraft:mob_kills":9,"minecraft:interact_with_crafting_table":9,"minecraft:open_barrel":2,"minecraft:eat_cake_slice":4,"minecraft:leave_game":8,"minecraft:time_since_death":13882,"minecraft:sleep_in_bed":1,"minecraft:time_since_rest":3389,"minecraft:sprint_one_cm":63256,"minecraft:damage_taken":1198,"minecraft:walk_one_cm":109909,"minecraft:drop":57,"minecraft:damage_dealt":2832,"minecraft:talked_to_villager":13,"minecraft:fly_one_cm":212126,"minecraft:player_kills":1,"minecraft:open_chest":6,"minecraft:crouch_one_cm":141,"minecraft:play_time":73033,"minecraft:deaths":5,"minecraft:sneak_time":480,"minecraft:jump":484,"minecraft:total_world_time":73033,"minecraft:fall_one_cm":19590},"minecraft:killed":{"weeping_angels:weeping_angel":3,"graveyard:revenant":2,"minecraft:iron_golem":2,"minecraft:zombie":1,"minecraft:stray":1},"minecraft:mined":{"minecraft:spruce_planks":4,"minecraft:smoker":2,"gravestone:gravestone":1,"minecraft:grass_block":4,"minecraft:campfire":13,"minecraft:redstone_wire":4,"minecraft:cobblestone":5,"minecraft:spruce_leaves":1,"minecraft:blue_bed":1,"minecraft:furnace":4,"minecraft:carrots":4,"minecraft:redstone_torch":3,"minecraft:wheat":1,"minecraft:spruce_log":11,"minecraft:grass":1,"minecraft:bookshelf":1,"minecraft:potatoes":12,"minecraft:coal_ore":20,"minecraft:dirt_path":1,"minecraft:dirt":1,"minecraft:stone":36},"minecraft:picked_up":{"minecraft:charcoal":26,"minecraft:iron_chestplate":1,"minecraft:cooked_beef":231,"minecraft:salmon":4,"minecraft:smoker":2,"minecraft:potato":20,"gravestone:obituary":1,"minecraft:dirt":5,"minecraft:blue_bed":2,"minecraft:cooked_salmon":1,"travelersbackpack:hose_nozzle":1,"minecraft:bone":2,"graveyard:corruption":1,"minecraft:wheat_seeds":7,"minecraft:spruce_planks":4,"minecraft:beef":9,"minecraft:iron_ingot":10,"minecraft:redstone_torch":3,"minecraft:rabbit":6,"minecraft:furnace":4,"minecraft:book":3,"minecraft:stone":1,"minecraft:porkchop":14,"minecraft:spruce_sapling":3,"minecraft:spruce_log":11,"minecraft:carrot":15,"minecraft:redstone":4,"minecraft:rotten_flesh":4,"minecraft:diamond":2,"minecraft:writable_book":1,"minecraft:hay_block":1,"minecraft:emerald":3,"minecraft:bread":2,"minecraft:mutton":3,"minecraft:cod":5,"minecraft:coal":20,"minecraft:cobblestone":41},"minecraft:killed_by":{"minecraft:player":1,"minecraft:iron_golem":1},"minecraft:crafted":{"minecraft:wooden_shovel":1,"minecraft:crafting_table":1,"minecraft:spruce_planks":24,"minecraft:wooden_pickaxe":1,"minecraft:bucket":1,"minecraft:stone_axe":1,"minecraft:bread":3,"minecraft:stick":16,"minecraft:iron_pickaxe":1,"minecraft:stone_pickaxe":1,"minecraft:wheat":9},"minecraft:used":{"minecraft:writable_book":1,"minecraft:stone_pickaxe":52,"minecraft:spruce_planks":7,"minecraft:wooden_pickaxe":42,"minecraft:blue_bed":1,"minecraft:wooden_shovel":12,"weeping_angels:angel_spawner":1,"minecraft:dirt":5,"minecraft:crafting_table":1,"minecraft:carrot":5,"weeping_angels:statue":1,"minecraft:bread":4,"minecraft:stone_axe":46,"minecraft:bucket":1,"minecraft:cooked_beef":2},"minecraft:dropped":{"minecraft:wheat_seeds":1,"minecraft:cooked_beef":52,"minecraft:rotten_flesh":4,"minecraft:mutton":1,"gravestone:obituary":2}},"DataVersion":3465}