{"stats":{"minecraft:custom":{"minecraft:interact_with_furnace":4,"minecraft:mob_kills":11,"minecraft:interact_with_crafting_table":14,"minecraft:open_barrel":2,"minecraft:eat_cake_slice":4,"minecraft:leave_game":8,"minecraft:time_since_death":37882,"minecraft:sleep_in_bed":3,"minecraft:time_since_rest":12503,"minecraft:sprint_one_cm":93344,"minecraft:damage_taken":1248,"minecraft:walk_one_cm":151619,"minecraft:drop":62,"minecraft:damage_dealt":3230,"minecraft:talked_to_villager":13,"minecraft:fly_one_cm":247647,"minecraft:player_kills":1,"minecraft:open_chest":11,"minecraft:crouch_one_cm":1959,"minecraft:play_time":97033,"minecraft:deaths":5,"minecraft:sneak_time":1239,"minecraft:walk_under_water_one_cm":14933,"minecraft:jump":670,"minecraft:walk_on_water_one_cm":1972,"minecraft:total_world_time":97033,"minecraft:fall_one_cm":25453},"minecraft:killed":{"weeping_angels:weeping_angel":5,"graveyard:revenant":2,"minecraft:iron_golem":2,"minecraft:zombie":1,"minecraft:stray":1},"minecraft:mined":{"minecraft:spruce_planks":4,"minecraft:smoker":2,"minecraft:granite":2,"minecraft:torch":2,"gravestone:gravestone":1,"minecraft:grass_block":4,"minecraft:campfire":13,"minecraft:redstone_wire":4,"minecraft:copper_ore":9,"minecraft:cobblestone":5,"minecraft:spruce_leaves":1,"minecraft:wall_torch":3,"minecraft:blue_bed":1,"minecraft:furnace":4,"minecraft:carrots":4,"minecraft:redstone_torch":3,"minecraft:wheat":1,"minecraft:spruce_log":11,"minecraft:grass":1,"minecraft:bookshelf":1,"minecraft:potatoes":12,"minecraft:coal_ore":20,"minecraft:dirt_path":1,"minecraft:dirt":2,"minecraft:stone":194},"minecraft:picked_up":{"minecraft:charcoal":26,"minecraft:iron_chestplate":1,"minecraft:cooked_beef":231,"minecraft:salmon":4,"minecraft:wooden_pickaxe":1,"minecraft:smoker":2,"minecraft:potato":21,"gravestone:obituary":1,"minecraft:raw_copper":170,"minecraft:dirt":7,"minecraft:blue_bed":3,"minecraft:cooked_salmon":1,"travelersbackpack:hose_nozzle":1,"minecraft:bone":2,"minecraft:apple":3,"graveyard:corruption":1,"minecraft:wheat_seeds":7,"minecraft:stone_pickaxe":1,"minecraft:spruce_planks":4,"minecraft:beef":9,"minecraft:iron_ingot":10,"minecraft:redstone_torch":3,"minecraft:rabbit":6,"minecraft:furnace":4,"minecraft:book":3,"minecraft:stone":1,"minecraft:torch":7,"minecraft:porkchop":14,"minecraft:spruce_sapling":3,"minecraft:spruce_log":11,"minecraft:carrot":15,"minecraft:redstone":4,"travelersbackpack:white_sleeping_bag":1,"minecraft:rotten_flesh":4,"minecraft:diamond":2,"minecraft:writable_book":1,"minecraft:hay_block":1,"minecraft:granite":2,"minecraft:emerald":3,"minecraft:bread":41,"minecraft:mutton":3,"minecraft:cod":5,"minecraft:coal":20,"minecraft:cobblestone":197},"minecraft:killed_by":{"minecraft:player":1,"minecraft:iron_golem":1},"minecraft:crafted":{"minecraft:wooden_shovel":1,"minecraft:crafting_table":1,"minecraft:spruce_planks":44,"minecraft:wooden_pickaxe":1,"minecraft:cobblestone_stairs":16,"minecraft:bucket":1,"minecraft:stone_axe":1,"minecraft:bread":3,"minecraft:stick":20,"minecraft:iron_pickaxe":1,"minecraft:stone_pickaxe":3,"minecraft:chest":2,"minecraft:torch":24,"minecraft:wheat":9},"minecraft:used":{"minecraft:water_bucket":16,"minecraft:writable_book":2,"minecraft:cobblestone_stairs":10,"minecraft:stone_pickaxe":206,"minecraft:chest":2,"minecraft:spruce_planks":7,"minecraft:wooden_pickaxe":70,"minecraft:stone":1,"minecraft:blue_bed":2,"minecraft:wooden_shovel":12,"weeping_angels:angel_spawner":1,"minecraft:torch":18,"minecraft:dirt":5,"minecraft:crafting_table":1,"minecraft:carrot":5,"minecraft:smoker":2,"weeping_angels:statue":1,"minecraft:apple":2,"minecraft:bread":6,"minecraft:stone_axe":47,"minecraft:cobblestone":1,"minecraft:furnace":2,"minecraft:bucket":17,"minecraft:cooked_beef":2},"minecraft:dropped":{"minecraft:wheat_seeds":1,"minecraft:cooked_beef":52,"minecraft:rotten_flesh":4,"minecraft:cobblestone_stairs":1,"minecraft:dirt":1,"minecraft:mutton":1,"gravestone:obituary":2,"minecraft:stone_pickaxe":1,"minecraft:spruce_sapling":3,"minecraft:bone":1},"minecraft:broken":{"minecraft:stone_pickaxe":2,"minecraft:wooden_pickaxe":1}},"DataVersion":3465}