{"stats":{"minecraft:broken":{"minecraft:golden_helmet":1,"minecraft:wooden_pickaxe":2,"minecraft:stone_pickaxe":6,"minecraft:golden_axe":1,"minecraft:stone_axe":3,"minecraft:iron_pickaxe":4},"minecraft:crafted":{"minecraft:redstone":9,"minecraft:piston":8,"minecraft:cobblestone_stairs":16,"minecraft:stone":453,"minecraft:lever":1,"minecraft:glass":25,"minecraft:stone_pickaxe":8,"minecraft:chest":19,"minecraft:cooked_rabbit":6,"minecraft:wheat":36,"minecraft:cooked_beef":9,"minecraft:wooden_shovel":2,"minecraft:spruce_sign":12,"minecraft:crafting_table":3,"minecraft:spruce_planks":1216,"minecraft:wooden_pickaxe":2,"minecraft:baked_potato":51,"minecraft:sticky_piston":12,"minecraft:bucket":1,"minecraft:birch_planks":8,"minecraft:stone_axe":5,"minecraft:bread":12,"minecraft:air":0,"minecraft:stick":32,"minecraft:iron_ingot":26,"minecraft:iron_pickaxe":5,"minecraft:gold_ingot":46,"minecraft:stonecutter":1,"minecraft:redstone_torch":3,"minecraft:torch":40},"minecraft:custom":{"minecraft:mob_kills":57,"minecraft:interact_with_crafting_table":44,"minecraft:open_barrel":8,"minecraft:bell_ring":15,"minecraft:eat_cake_slice":8,"minecraft:leave_game":10,"minecraft:time_since_death":256442,"minecraft:climb_one_cm":11518,"minecraft:sprint_one_cm":521719,"minecraft:walk_one_cm":1010349,"minecraft:drop":165,"minecraft:talked_to_villager":13,"minecraft:play_time":475570,"minecraft:sneak_time":9722,"minecraft:deaths":9,"minecraft:walk_under_water_one_cm":30383,"minecraft:boat_one_cm":47711,"minecraft:interact_with_lectern":2,"minecraft:interact_with_brewingstand":8,"minecraft:jump":2960,"minecraft:interact_with_blast_furnace":17,"minecraft:walk_on_water_one_cm":11919,"minecraft:total_world_time":475570,"minecraft:interact_with_furnace":116,"minecraft:tune_noteblock":2,"minecraft:interact_with_stonecutter":11,"minecraft:sleep_in_bed":15,"minecraft:time_since_rest":29421,"minecraft:damage_taken":4965,"minecraft:damage_dealt":13675,"minecraft:player_kills":1,"minecraft:swim_one_cm":1794,"minecraft:fly_one_cm":1112862,"minecraft:open_chest":202,"minecraft:crouch_one_cm":12230,"minecraft:interact_with_smoker":15,"minecraft:fall_one_cm":67978},"minecraft:killed":{"weeping_angels:weeping_angel":6,"graveyard:skeleton_creeper":1,"graveyard:nightmare":1,"graveyard:corrupted_vindicator":1,"graveyard:revenant":2,"minecraft:spider":3,"minecraft:skeleton":4,"graveyard:acolyte":2,"minecraft:husk":7,"minecraft:pig":1,"minecraft:zombie_villager":1,"minecraft:salmon":2,"minecraft:iron_golem":2,"minecraft:sheep":3,"minecraft:zombie":16,"minecraft:stray":1,"graveyard:corrupted_pillager":4},"minecraft:killed_by":{"minecraft:husk":4,"minecraft:player":1,"minecraft:iron_golem":1},"minecraft:dropped":{"minecraft:enchanted_book":17,"minecraft:wheat_seeds":2,"minecraft:cooked_beef":52,"minecraft:baked_potato":50,"minecraft:cobblestone":590,"minecraft:feather":2,"minecraft:granite":2,"minecraft:item_frame":2,"minecraft:cobblestone_stairs":1,"minecraft:dirt":2,"minecraft:mutton":1,"minecraft:dark_oak_wood":1,"minecraft:stripped_dark_oak_wood":1,"minecraft:potion":1,"gravestone:obituary":6,"minecraft:cyan_candle":2,"minecraft:iron_pickaxe":1,"minecraft:spruce_sapling":3,"minecraft:bone":3,"minecraft:dark_oak_door":1,"minecraft:nether_brick_slab":5,"minecraft:compass":1,"minecraft:player_head":1,"minecraft:deepslate":1,"minecraft:rotten_flesh":27,"minecraft:salmon":2,"minecraft:blast_furnace":1,"minecraft:filled_map":1,"travelersbackpack:white_sleeping_bag":1,"minecraft:spruce_planks":1018,"minecraft:chest":1,"minecraft:golden_leggings":1,"minecraft:spider_eye":2,"minecraft:stone_bricks":80,"minecraft:diamond_boots":2,"minecraft:spruce_log":64,"minecraft:glass":25,"minecraft:stone_pickaxe":2,"minecraft:stone_brick_stairs":1},"minecraft:used":{"minecraft:writable_book":2,"minecraft:iron_shovel":11,"minecraft:redstone":100,"minecraft:chest":19,"minecraft:spruce_planks":79,"minecraft:cooked_salmon":1,"minecraft:stone":43,"minecraft:wooden_shovel":19,"weeping_angels:angel_spawner":1,"minecraft:torch":63,"minecraft:dirt":376,"minecraft:carrot":16,"minecraft:polished_diorite":36,"weeping_angels:statue":1,"minecraft:grass_block":80,"minecraft:repeater":9,"minecraft:stone_bricks":277,"minecraft:deepslate_diamond_ore":1,"minecraft:soul_soil":1,"minecraft:furnace":4,"minecraft:cooked_beef":2,"minecraft:pointed_dripstone":1,"minecraft:golden_axe":14,"minecraft:cooked_mutton":1,"minecraft:water_bucket":18,"minecraft:diorite":4,"minecraft:cobblestone_stairs":25,"minecraft:birch_planks":4,"minecraft:stone_pickaxe":747,"minecraft:baked_potato":1,"minecraft:blue_bed":3,"minecraft:wooden_pickaxe":139,"minecraft:spruce_sign":16,"minecraft:stonecutter":1,"minecraft:white_wool":3,"minecraft:crafting_table":5,"minecraft:blast_furnace":2,"minecraft:smoker":2,"minecraft:redstone_torch":14,"minecraft:sticky_piston":13,"minecraft:lever":5,"minecraft:apple":3,"minecraft:bread":59,"minecraft:iron_pickaxe":1142,"minecraft:spruce_trapdoor":2,"minecraft:polished_granite":69,"minecraft:stone_axe":636,"minecraft:potion":1,"minecraft:cobblestone":267,"travelersbackpack:standard":7,"minecraft:dark_oak_fence":1,"minecraft:bucket":22,"minecraft:kelp":60,"minecraft:experience_bottle":23},"minecraft:picked_up":{"minecraft:charcoal":45,"minecraft:iron_chestplate":1,"minecraft:crafting_table":4,"minecraft:redstone_block":1,"minecraft:redstone_lamp":43,"minecraft:brown_mushroom":2,"minecraft:wooden_pickaxe":1,"minecraft:potion":1,"minecraft:enchanted_book":11,"minecraft:stone_brick_stairs":1,"gravestone:obituary":1,"minecraft:soul_soil":1,"minecraft:amethyst_block":6,"minecraft:string":10,"minecraft:raw_copper":414,"minecraft:cooked_salmon":1,"graveyard:sarcophagus":1,"minecraft:sticky_piston":1,"minecraft:item_frame":3,"minecraft:oak_sign":2,"graveyard:corruption":10,"minecraft:deepslate_tiles":10,"minecraft:comparator":1,"minecraft:spruce_planks":274,"minecraft:beef":9,"minecraft:redstone_torch":11,"minecraft:iron_nugget":1,"minecraft:spruce_slab":1,"minecraft:chest":3,"minecraft:birch_sapling":1,"minecraft:spruce_trapdoor":2,"minecraft:furnace":9,"minecraft:dark_oak_door":1,"minecraft:stick":82,"minecraft:raw_iron":13,"minecraft:stone":56,"minecraft:torch":27,"minecraft:porkchop":24,"minecraft:pointed_dripstone":41,"minecraft:diorite":100,"minecraft:carrot":15,"minecraft:redstone":125,"minecraft:arrow":9,"minecraft:rotten_flesh":28,"minecraft:cooked_cod":5,"minecraft:diamond_boots":1,"minecraft:hay_block":4,"minecraft:stripped_dark_oak_wood":1,"minecraft:mutton":7,"minecraft:cod":5,"minecraft:snowball":16,"minecraft:white_wool":3,"minecraft:cobblestone":1614,"minecraft:birch_log":2,"minecraft:feather":2,"minecraft:cooked_beef":231,"minecraft:repeater":25,"minecraft:salmon":6,"minecraft:smoker":4,"minecraft:potato":22,"minecraft:filled_map":2,"minecraft:gunpowder":8,"minecraft:cobblestone_stairs":15,"minecraft:blue_bed":4,"minecraft:lapis_lazuli":31,"minecraft:dirt":100,"minecraft:polished_granite":8,"travelersbackpack:hose_nozzle":2,"minecraft:cooked_mutton":1,"minecraft:bone":18,"minecraft:apple":5,"minecraft:stone_bricks":36,"minecraft:kelp":2,"minecraft:wheat_seeds":8,"minecraft:raw_gold":8,"minecraft:iron_ingot":10,"minecraft:stone_pickaxe":1,"minecraft:cobweb":4,"minecraft:rabbit":6,"minecraft:cyan_candle":2,"minecraft:book":69,"minecraft:black_candle":3,"minecraft:gravel":7,"minecraft:spruce_sapling":115,"minecraft:blast_furnace":2,"minecraft:nether_brick_slab":5,"minecraft:spruce_log":397,"minecraft:grass_block":1,"minecraft:spider_eye":2,"travelersbackpack:white_sleeping_bag":1,"travelersbackpack:standard":2,"minecraft:polished_diorite":1,"minecraft:diamond":6,"minecraft:lever":1,"minecraft:writable_book":1,"minecraft:blue_ice":1,"minecraft:granite":174,"minecraft:spruce_sign":6,"minecraft:emerald":3,"minecraft:bread":43,"minecraft:baked_potato":7,"minecraft:dark_oak_wood":1,"minecraft:dark_oak_fence":1,"minecraft:coal":489,"minecraft:crimson_roots":1},"minecraft:mined":{"minecraft:spruce_planks":12,"minecraft:deepslate_diamond_ore":4,"minecraft:cobblestone_stairs":9,"minecraft:cobbled_deepslate_slab":1,"minecraft:spruce_trapdoor":1,"minecraft:dark_oak_fence":1,"minecraft:granite":172,"gravestone:gravestone":1,"minecraft:lever":1,"minecraft:grass_block":46,"minecraft:jungle_log":1,"minecraft:crimson_roots":1,"minecraft:redstone_wire":49,"minecraft:soul_soil":1,"minecraft:polished_diorite":1,"minecraft:spruce_leaves":11,"minecraft:spawner":1,"minecraft:hay_block":3,"minecraft:furnace":9,"minecraft:carrots":4,"minecraft:sticky_piston":1,"minecraft:fire":3,"minecraft:andesite":1,"minecraft:stripped_dark_oak_wood":1,"minecraft:bookshelf":23,"minecraft:potatoes":12,"minecraft:pointed_dripstone":20,"minecraft:dirt_path":9,"minecraft:vine":1,"minecraft:deepslate_iron_ore":1,"minecraft:polished_deepslate_slab":1,"minecraft:stone":1424,"minecraft:redstone_wall_torch":1,"minecraft:deepslate_redstone_ore":5,"minecraft:kelp_plant":1,"minecraft:smoker":4,"minecraft:polished_granite":8,"travelersbackpack:standard":1,"minecraft:crafting_table":4,"minecraft:torch":6,"minecraft:dark_oak_wood":1,"minecraft:blast_furnace":1,"minecraft:chest":3,"minecraft:campfire":14,"minecraft:spruce_wall_sign":2,"minecraft:copper_ore":16,"minecraft:cobblestone":55,"minecraft:deepslate_gold_ore":2,"minecraft:diorite":104,"minecraft:blue_bed":2,"minecraft:wall_torch":14,"minecraft:repeater":24,"minecraft:birch_log":4,"minecraft:redstone_torch":9,"minecraft:wheat":1,"minecraft:spruce_log":372,"minecraft:stone_brick_stairs":1,"minecraft:grass":2,"minecraft:coal_ore":28,"minecraft:gravel":7,"minecraft:dirt":51,"minecraft:stone_bricks":27,"minecraft:deepslate":4,"minecraft:redstone_lamp":53}},"DataVersion":3465}