{"stats":{"minecraft:custom":{"minecraft:interact_with_furnace":4,"minecraft:mob_kills":9,"minecraft:interact_with_crafting_table":11,"minecraft:open_barrel":2,"minecraft:eat_cake_slice":4,"minecraft:leave_game":8,"minecraft:time_since_death":25882,"minecraft:sleep_in_bed":3,"minecraft:time_since_rest":503,"minecraft:sprint_one_cm":82802,"minecraft:damage_taken":1218,"minecraft:walk_one_cm":131875,"minecraft:drop":58,"minecraft:damage_dealt":2832,"minecraft:talked_to_villager":13,"minecraft:fly_one_cm":234215,"minecraft:player_kills":1,"minecraft:open_chest":6,"minecraft:crouch_one_cm":1956,"minecraft:play_time":85033,"minecraft:deaths":5,"minecraft:sneak_time":1166,"minecraft:walk_under_water_one_cm":11944,"minecraft:jump":580,"minecraft:walk_on_water_one_cm":900,"minecraft:total_world_time":85033,"minecraft:fall_one_cm":23303},"minecraft:killed":{"weeping_angels:weeping_angel":3,"graveyard:revenant":2,"minecraft:iron_golem":2,"minecraft:zombie":1,"minecraft:stray":1},"minecraft:mined":{"minecraft:spruce_planks":4,"minecraft:smoker":2,"minecraft:torch":1,"gravestone:gravestone":1,"minecraft:grass_block":4,"minecraft:campfire":13,"minecraft:redstone_wire":4,"minecraft:cobblestone":5,"minecraft:spruce_leaves":1,"minecraft:wall_torch":3,"minecraft:blue_bed":1,"minecraft:furnace":4,"minecraft:carrots":4,"minecraft:redstone_torch":3,"minecraft:wheat":1,"minecraft:spruce_log":11,"minecraft:grass":1,"minecraft:bookshelf":1,"minecraft:potatoes":12,"minecraft:coal_ore":20,"minecraft:dirt_path":1,"minecraft:dirt":1,"minecraft:stone":113},"minecraft:picked_up":{"minecraft:charcoal":26,"minecraft:iron_chestplate":1,"minecraft:cooked_beef":231,"minecraft:salmon":4,"minecraft:wooden_pickaxe":1,"minecraft:smoker":2,"minecraft:potato":21,"gravestone:obituary":1,"minecraft:dirt":5,"minecraft:blue_bed":3,"minecraft:cooked_salmon":1,"travelersbackpack:hose_nozzle":1,"minecraft:bone":2,"minecraft:apple":3,"graveyard:corruption":1,"minecraft:wheat_seeds":7,"minecraft:stone_pickaxe":1,"minecraft:spruce_planks":4,"minecraft:beef":9,"minecraft:iron_ingot":10,"minecraft:redstone_torch":3,"minecraft:rabbit":6,"minecraft:furnace":4,"minecraft:book":3,"minecraft:stone":1,"minecraft:torch":4,"minecraft:porkchop":14,"minecraft:spruce_sapling":3,"minecraft:spruce_log":11,"minecraft:carrot":15,"minecraft:redstone":4,"travelersbackpack:white_sleeping_bag":1,"minecraft:rotten_flesh":4,"minecraft:diamond":2,"minecraft:writable_book":1,"minecraft:hay_block":1,"minecraft:emerald":3,"minecraft:bread":41,"minecraft:mutton":3,"minecraft:cod":5,"minecraft:coal":20,"minecraft:cobblestone":118},"minecraft:killed_by":{"minecraft:player":1,"minecraft:iron_golem":1},"minecraft:crafted":{"minecraft:wooden_shovel":1,"minecraft:crafting_table":1,"minecraft:spruce_planks":44,"minecraft:wooden_pickaxe":1,"minecraft:cobblestone_stairs":16,"minecraft:bucket":1,"minecraft:stone_axe":1,"minecraft:bread":3,"minecraft:stick":16,"minecraft:iron_pickaxe":1,"minecraft:stone_pickaxe":1,"minecraft:torch":24,"minecraft:wheat":9},"minecraft:used":{"minecraft:water_bucket":13,"minecraft:writable_book":2,"minecraft:cobblestone_stairs":10,"minecraft:stone_pickaxe":101,"minecraft:spruce_planks":7,"minecraft:wooden_pickaxe":70,"minecraft:stone":1,"minecraft:blue_bed":2,"minecraft:wooden_shovel":12,"weeping_angels:angel_spawner":1,"minecraft:torch":8,"minecraft:dirt":5,"minecraft:crafting_table":1,"minecraft:carrot":5,"weeping_angels:statue":1,"minecraft:apple":1,"minecraft:bread":6,"minecraft:stone_axe":46,"minecraft:cobblestone":1,"minecraft:bucket":14,"minecraft:cooked_beef":2},"minecraft:dropped":{"minecraft:wheat_seeds":1,"minecraft:cooked_beef":52,"minecraft:rotten_flesh":4,"minecraft:mutton":1,"gravestone:obituary":2,"minecraft:stone_pickaxe":1},"minecraft:broken":{"minecraft:stone_pickaxe":1,"minecraft:wooden_pickaxe":1}},"DataVersion":3465}