{"stats":{"minecraft:custom":{"minecraft:mob_kills":23,"minecraft:interact_with_crafting_table":18,"minecraft:open_barrel":3,"minecraft:bell_ring":15,"minecraft:eat_cake_slice":5,"minecraft:leave_game":8,"minecraft:time_since_death":109882,"minecraft:sprint_one_cm":150995,"minecraft:walk_one_cm":331620,"minecraft:drop":77,"minecraft:talked_to_villager":13,"minecraft:play_time":169033,"minecraft:deaths":5,"minecraft:sneak_time":2653,"minecraft:walk_under_water_one_cm":17913,"minecraft:jump":1217,"minecraft:walk_on_water_one_cm":4369,"minecraft:total_world_time":169033,"minecraft:interact_with_furnace":50,"minecraft:sleep_in_bed":5,"minecraft:time_since_rest":1392,"minecraft:damage_taken":1709,"minecraft:damage_dealt":5475,"minecraft:player_kills":1,"minecraft:fly_one_cm":288473,"minecraft:open_chest":28,"minecraft:crouch_one_cm":3575,"minecraft:interact_with_smoker":14,"minecraft:fall_one_cm":37377},"minecraft:killed":{"weeping_angels:weeping_angel":6,"graveyard:skeleton_creeper":1,"graveyard:revenant":2,"minecraft:spider":2,"minecraft:skeleton":1,"minecraft:iron_golem":2,"minecraft:zombie":8,"minecraft:stray":1},"minecraft:mined":{"minecraft:spruce_planks":4,"minecraft:lever":1,"gravestone:gravestone":1,"minecraft:granite":3,"minecraft:grass_block":4,"minecraft:redstone_wire":12,"minecraft:spruce_leaves":4,"minecraft:furnace":4,"minecraft:carrots":4,"minecraft:andesite":1,"minecraft:potatoes":12,"minecraft:bookshelf":1,"minecraft:pointed_dripstone":20,"minecraft:deepslate_iron_ore":1,"minecraft:dirt_path":1,"minecraft:stone":645,"minecraft:deepslate_redstone_ore":5,"minecraft:smoker":2,"travelersbackpack:standard":1,"minecraft:crafting_table":1,"minecraft:torch":3,"minecraft:chest":1,"minecraft:campfire":13,"minecraft:cobblestone":24,"minecraft:copper_ore":10,"minecraft:deepslate_gold_ore":2,"minecraft:diorite":20,"minecraft:blue_bed":2,"minecraft:wall_torch":5,"minecraft:redstone_torch":4,"minecraft:wheat":1,"minecraft:spruce_log":52,"minecraft:grass":1,"minecraft:coal_ore":24,"minecraft:dirt":3,"minecraft:deepslate":4},"minecraft:picked_up":{"minecraft:charcoal":28,"minecraft:iron_chestplate":1,"minecraft:crafting_table":1,"minecraft:redstone_block":1,"minecraft:wooden_pickaxe":1,"gravestone:obituary":1,"minecraft:string":10,"minecraft:raw_copper":390,"minecraft:cooked_salmon":1,"minecraft:item_frame":1,"graveyard:corruption":1,"minecraft:comparator":1,"minecraft:spruce_planks":4,"minecraft:beef":9,"minecraft:redstone_torch":5,"minecraft:chest":1,"minecraft:furnace":4,"minecraft:dark_oak_door":1,"minecraft:raw_iron":13,"minecraft:stick":13,"minecraft:stone":1,"minecraft:torch":11,"minecraft:porkchop":14,"minecraft:pointed_dripstone":41,"minecraft:diorite":20,"minecraft:carrot":15,"minecraft:redstone":70,"minecraft:rotten_flesh":11,"minecraft:arrow":2,"minecraft:hay_block":1,"minecraft:mutton":3,"minecraft:cobblestone":813,"minecraft:cod":5,"minecraft:cooked_beef":231,"minecraft:repeater":2,"minecraft:salmon":4,"minecraft:smoker":2,"minecraft:potato":21,"minecraft:cobblestone_stairs":6,"minecraft:blue_bed":4,"minecraft:lapis_lazuli":31,"minecraft:dirt":9,"travelersbackpack:hose_nozzle":2,"minecraft:cooked_mutton":1,"minecraft:bone":4,"minecraft:apple":5,"minecraft:wheat_seeds":7,"minecraft:raw_gold":8,"minecraft:iron_ingot":10,"minecraft:stone_pickaxe":1,"minecraft:rabbit":6,"minecraft:book":3,"minecraft:spruce_sapling":14,"minecraft:spruce_log":54,"minecraft:spider_eye":2,"travelersbackpack:white_sleeping_bag":1,"travelersbackpack:standard":2,"minecraft:diamond":2,"minecraft:lever":1,"minecraft:writable_book":1,"minecraft:blue_ice":1,"minecraft:granite":5,"minecraft:bread":43,"minecraft:emerald":3,"minecraft:coal":103},"minecraft:killed_by":{"minecraft:player":1,"minecraft:iron_golem":1},"minecraft:crafted":{"minecraft:stone":22,"minecraft:cobblestone_stairs":16,"minecraft:lever":1,"minecraft:glass":25,"minecraft:stone_pickaxe":5,"minecraft:chest":2,"minecraft:cooked_rabbit":6,"minecraft:wheat":9,"minecraft:cooked_beef":9,"minecraft:wooden_shovel":1,"minecraft:crafting_table":3,"minecraft:spruce_planks":216,"minecraft:wooden_pickaxe":1,"minecraft:baked_potato":51,"minecraft:bucket":1,"minecraft:stone_axe":2,"minecraft:bread":3,"minecraft:stick":32,"minecraft:iron_ingot":14,"minecraft:iron_pickaxe":1,"minecraft:gold_ingot":8,"minecraft:torch":24},"minecraft:used":{"minecraft:writable_book":2,"minecraft:spruce_planks":7,"minecraft:chest":2,"minecraft:stone":18,"weeping_angels:angel_spawner":1,"minecraft:wooden_shovel":12,"minecraft:cooked_salmon":1,"minecraft:torch":35,"minecraft:dirt":5,"minecraft:carrot":16,"weeping_angels:statue":1,"minecraft:furnace":4,"minecraft:cooked_beef":2,"minecraft:pointed_dripstone":1,"minecraft:cooked_mutton":1,"minecraft:water_bucket":16,"minecraft:cobblestone_stairs":10,"minecraft:stone_pickaxe":596,"minecraft:baked_potato":1,"minecraft:wooden_pickaxe":70,"minecraft:blue_bed":3,"minecraft:crafting_table":3,"minecraft:smoker":2,"minecraft:redstone_torch":2,"minecraft:apple":3,"minecraft:bread":9,"minecraft:iron_pickaxe":170,"minecraft:stone_axe":126,"minecraft:cobblestone":177,"travelersbackpack:standard":6,"minecraft:bucket":17},"minecraft:broken":{"minecraft:wooden_pickaxe":1,"minecraft:stone_pickaxe":5,"minecraft:stone_axe":1},"minecraft:dropped":{"minecraft:wheat_seeds":1,"minecraft:cooked_beef":52,"minecraft:baked_potato":50,"minecraft:granite":2,"minecraft:cobblestone_stairs":1,"minecraft:dirt":1,"minecraft:mutton":1,"gravestone:obituary":2,"minecraft:spruce_sapling":3,"minecraft:bone":2,"minecraft:dark_oak_door":1,"minecraft:rotten_flesh":5,"travelersbackpack:white_sleeping_bag":1,"minecraft:spruce_planks":1,"minecraft:spider_eye":2,"minecraft:glass":25,"minecraft:stone_pickaxe":1}},"DataVersion":3465}