{"stats":{"minecraft:custom":{"minecraft:interact_with_furnace":8,"minecraft:mob_kills":27,"minecraft:open_barrel":10,"minecraft:interact_with_crafting_table":10,"minecraft:leave_game":7,"minecraft:time_since_death":6341,"minecraft:sleep_in_bed":4,"minecraft:climb_one_cm":1324,"minecraft:time_since_rest":6367,"minecraft:sprint_one_cm":278121,"minecraft:damage_taken":1960,"minecraft:walk_one_cm":175691,"minecraft:drop":17,"minecraft:damage_dealt":3324,"minecraft:swim_one_cm":27092,"minecraft:fly_one_cm":56938,"minecraft:open_chest":5,"minecraft:crouch_one_cm":312,"minecraft:play_time":107454,"minecraft:deaths":5,"minecraft:sneak_time":45,"minecraft:walk_under_water_one_cm":8323,"minecraft:jump":977,"minecraft:walk_on_water_one_cm":13535,"minecraft:interact_with_smoker":9,"minecraft:total_world_time":107454,"minecraft:fall_one_cm":14202},"minecraft:killed":{"minecraft:pig":1,"minecraft:spider":1,"minecraft:creeper":1,"minecraft:skeleton":1,"minecraft:sheep":5,"minecraft:zombie":6,"minecraft:drowned":1,"minecraft:cow":11},"minecraft:mined":{"minecraft:dandelion":5,"minecraft:crafting_table":5,"minecraft:cornflower":11,"minecraft:torch":1,"gravestone:gravestone":3,"minecraft:granite":33,"minecraft:grass_block":27,"minecraft:spruce_fence":1,"minecraft:poppy":1,"minecraft:copper_ore":51,"minecraft:tall_grass":38,"minecraft:oak_planks":1,"minecraft:sugar_cane":8,"minecraft:diorite":69,"minecraft:oxeye_daisy":1,"minecraft:blue_bed":4,"minecraft:wall_torch":2,"minecraft:tall_seagrass":1,"minecraft:furnace":1,"minecraft:light_gray_stained_glass":2,"minecraft:birch_log":19,"minecraft:birch_leaves":4,"minecraft:azure_bluet":3,"minecraft:brown_bed":1,"minecraft:grass":68,"minecraft:oak_log":47,"minecraft:coal_ore":29,"minecraft:sand":1,"minecraft:dirt":68,"minecraft:stone":311,"minecraft:spruce_slab":1,"minecraft:oak_leaves":7},"minecraft:picked_up":{"minecraft:birch_log":19,"minecraft:crafting_table":5,"minecraft:azure_bluet":2,"minecraft:leather":11,"minecraft:brown_bed":1,"minecraft:oak_log":46,"gravestone:obituary":3,"minecraft:blue_bed":4,"minecraft:cornflower":10,"minecraft:dirt":93,"minecraft:raw_copper":174,"minecraft:wheat_seeds":10,"minecraft:beef":20,"minecraft:spruce_slab":2,"minecraft:poppy":1,"minecraft:oak_planks":3,"minecraft:sugar_cane":16,"minecraft:birch_sapling":1,"minecraft:furnace":1,"minecraft:stick":2,"minecraft:torch":5,"minecraft:dandelion":4,"minecraft:spruce_fence":1,"minecraft:porkchop":1,"minecraft:sand":1,"minecraft:diorite":64,"minecraft:rotten_flesh":7,"minecraft:granite":33,"mysticsbiomes:pink_egg":1,"minecraft:oak_sapling":3,"minecraft:mutton":6,"minecraft:coal":28,"minecraft:white_wool":3,"minecraft:cobblestone":296,"minecraft:oxeye_daisy":1},"minecraft:killed_by":{"mutantmonsters:mutant_skeleton":1,"minecraft:skeleton":1,"minecraft:creeper":1,"minecraft:drowned":1},"minecraft:used":{"minecraft:cooked_mutton":6,"minecraft:diorite":52,"minecraft:stone_sword":119,"minecraft:birch_planks":27,"minecraft:stone_pickaxe":491,"minecraft:oak_planks":20,"minecraft:wooden_pickaxe":59,"minecraft:blue_bed":5,"minecraft:rotten_flesh":2,"minecraft:torch":20,"minecraft:dirt":78,"minecraft:spyglass":29,"minecraft:crafting_table":7,"minecraft:carrot":3,"minecraft:wooden_axe":101,"minecraft:bow":6,"minecraft:furnace":1,"minecraft:cooked_beef":4},"minecraft:crafted":{"minecraft:cooked_beef":20,"minecraft:oak_planks":184,"minecraft:cooked_porkchop":1,"minecraft:crafting_table":3,"minecraft:wooden_pickaxe":1,"minecraft:furnace":1,"minecraft:blue_bed":1,"minecraft:birch_planks":56,"minecraft:cooked_mutton":6,"minecraft:blue_dye":1,"minecraft:stick":68,"minecraft:stone_pickaxe":5,"minecraft:wooden_axe":2,"minecraft:stone_sword":1,"minecraft:white_bed":1,"minecraft:birch_button":1,"minecraft:torch":40},"minecraft:dropped":{"minecraft:birch_sapling":1,"minecraft:spruce_fence":1,"minecraft:poppy":1,"minecraft:dirt":4,"minecraft:cornflower":9,"gravestone:obituary":6,"minecraft:spruce_slab":2,"minecraft:sand":1},"minecraft:broken":{"minecraft:stone_pickaxe":3,"minecraft:wooden_axe":1,"minecraft:wooden_pickaxe":1}},"DataVersion":3465}