{"stats":{"minecraft:custom":{"minecraft:interact_with_furnace":8,"minecraft:mob_kills":9,"minecraft:interact_with_crafting_table":10,"minecraft:leave_game":7,"minecraft:time_since_death":542,"minecraft:sleep_in_bed":3,"minecraft:time_since_rest":570,"minecraft:sprint_one_cm":115161,"minecraft:damage_taken":1100,"minecraft:walk_one_cm":102224,"minecraft:drop":8,"minecraft:damage_dealt":1257,"minecraft:swim_one_cm":12606,"minecraft:fly_one_cm":22391,"minecraft:crouch_one_cm":74,"minecraft:play_time":59454,"minecraft:deaths":3,"minecraft:sneak_time":14,"minecraft:walk_under_water_one_cm":5553,"minecraft:jump":504,"minecraft:walk_on_water_one_cm":5764,"minecraft:total_world_time":59454,"minecraft:fall_one_cm":3363},"minecraft:killed":{"minecraft:sheep":3,"minecraft:zombie":1,"minecraft:drowned":1,"minecraft:cow":4},"minecraft:mined":{"minecraft:dandelion":5,"minecraft:crafting_table":5,"minecraft:cornflower":11,"gravestone:gravestone":2,"minecraft:granite":33,"minecraft:grass_block":13,"minecraft:poppy":1,"minecraft:copper_ore":51,"minecraft:tall_grass":25,"minecraft:oak_planks":1,"minecraft:sugar_cane":3,"minecraft:diorite":69,"minecraft:oxeye_daisy":1,"minecraft:blue_bed":2,"minecraft:wall_torch":2,"minecraft:furnace":1,"minecraft:birch_log":19,"minecraft:azure_bluet":3,"minecraft:grass":51,"minecraft:oak_log":47,"minecraft:coal_ore":29,"minecraft:sand":1,"minecraft:dirt":53,"minecraft:stone":306,"minecraft:oak_leaves":1},"minecraft:picked_up":{"minecraft:birch_log":19,"minecraft:crafting_table":5,"minecraft:azure_bluet":2,"minecraft:leather":4,"minecraft:oak_log":46,"gravestone:obituary":1,"minecraft:blue_bed":2,"minecraft:cornflower":10,"minecraft:dirt":69,"minecraft:raw_copper":174,"minecraft:wheat_seeds":8,"minecraft:beef":9,"minecraft:poppy":1,"minecraft:oak_planks":1,"minecraft:sugar_cane":6,"minecraft:birch_sapling":1,"minecraft:furnace":1,"minecraft:stick":2,"minecraft:torch":4,"minecraft:dandelion":4,"minecraft:sand":1,"minecraft:diorite":64,"minecraft:rotten_flesh":2,"minecraft:granite":33,"minecraft:oak_sapling":2,"minecraft:mutton":6,"minecraft:coal":28,"minecraft:white_wool":3,"minecraft:cobblestone":291,"minecraft:oxeye_daisy":1},"minecraft:killed_by":{"mutantmonsters:mutant_skeleton":1,"minecraft:skeleton":1,"minecraft:drowned":1},"minecraft:used":{"minecraft:cooked_mutton":4,"minecraft:stone_sword":4,"minecraft:birch_planks":27,"minecraft:stone_pickaxe":478,"minecraft:oak_planks":12,"minecraft:wooden_pickaxe":59,"minecraft:blue_bed":3,"minecraft:rotten_flesh":2,"minecraft:torch":17,"minecraft:dirt":22,"minecraft:crafting_table":7,"minecraft:wooden_axe":100,"minecraft:furnace":1},"minecraft:crafted":{"minecraft:cooked_beef":9,"minecraft:oak_planks":184,"minecraft:crafting_table":3,"minecraft:wooden_pickaxe":1,"minecraft:furnace":1,"minecraft:blue_bed":1,"minecraft:birch_planks":56,"minecraft:cooked_mutton":6,"minecraft:blue_dye":1,"minecraft:stick":68,"minecraft:stone_pickaxe":5,"minecraft:wooden_axe":2,"minecraft:stone_sword":1,"minecraft:white_bed":1,"minecraft:birch_button":1,"minecraft:torch":40},"minecraft:dropped":{"minecraft:poppy":1,"minecraft:dirt":4,"gravestone:obituary":3},"minecraft:broken":{"minecraft:stone_pickaxe":3,"minecraft:wooden_axe":1,"minecraft:wooden_pickaxe":1}},"DataVersion":3465}