{"stats":{"minecraft:custom":{"minecraft:interact_with_furnace":8,"minecraft:mob_kills":34,"minecraft:interact_with_crafting_table":10,"minecraft:open_barrel":11,"minecraft:leave_game":8,"minecraft:time_since_death":7170,"minecraft:climb_one_cm":1324,"minecraft:sleep_in_bed":4,"minecraft:time_since_rest":7200,"minecraft:sprint_one_cm":377574,"minecraft:damage_taken":2906,"minecraft:walk_one_cm":200987,"minecraft:drop":40,"minecraft:damage_dealt":3883,"minecraft:play_noteblock":1,"minecraft:player_kills":1,"minecraft:swim_one_cm":103951,"minecraft:fly_one_cm":86054,"minecraft:open_chest":7,"minecraft:crouch_one_cm":331,"minecraft:play_time":141871,"minecraft:sneak_time":56,"minecraft:deaths":8,"minecraft:walk_under_water_one_cm":24097,"minecraft:boat_one_cm":58572,"minecraft:jump":1272,"minecraft:walk_on_water_one_cm":30304,"minecraft:total_world_time":141871,"minecraft:interact_with_smoker":9,"minecraft:fall_one_cm":24585},"minecraft:killed":{"minecraft:husk":2,"minecraft:pig":1,"minecraft:salmon":2,"minecraft:spider":2,"minecraft:creeper":2,"minecraft:sheep":5,"minecraft:skeleton":2,"minecraft:zombie":6,"minecraft:drowned":1,"minecraft:cow":11},"minecraft:mined":{"minecraft:dandelion":6,"minecraft:granite":33,"minecraft:cornflower":11,"minecraft:crafting_table":5,"minecraft:torch":1,"gravestone:gravestone":4,"minecraft:spruce_fence":1,"minecraft:grass_block":36,"minecraft:poppy":1,"minecraft:copper_ore":51,"minecraft:tall_grass":39,"minecraft:oxeye_daisy":1,"minecraft:oak_planks":1,"minecraft:sugar_cane":12,"minecraft:wall_torch":2,"minecraft:diorite":69,"minecraft:blue_bed":4,"minecraft:tall_seagrass":1,"minecraft:furnace":1,"minecraft:light_gray_stained_glass":2,"minecraft:birch_log":19,"minecraft:birch_leaves":4,"minecraft:azure_bluet":3,"minecraft:brown_bed":1,"minecraft:grass":74,"minecraft:coal_ore":29,"minecraft:oak_log":47,"minecraft:sand":1,"minecraft:dirt":70,"minecraft:stone":311,"minecraft:oak_leaves":7,"minecraft:spruce_slab":1},"minecraft:picked_up":{"minecraft:birch_log":19,"minecraft:crafting_table":5,"minecraft:azure_bluet":2,"minecraft:salmon":2,"minecraft:leather":11,"minecraft:brown_bed":1,"minecraft:oak_log":46,"gravestone:obituary":3,"minecraft:gunpowder":2,"minecraft:dirt":122,"minecraft:cornflower":10,"minecraft:blue_bed":4,"minecraft:string":1,"minecraft:raw_copper":174,"minecraft:bow":1,"minecraft:wheat_seeds":10,"minecraft:beef":20,"minecraft:poppy":2,"minecraft:spruce_slab":2,"minecraft:sugar_cane":26,"minecraft:birch_sapling":1,"minecraft:oak_planks":3,"minecraft:furnace":1,"minecraft:stick":2,"minecraft:sandstone":3,"minecraft:torch":25,"minecraft:dandelion":7,"minecraft:spruce_fence":1,"minecraft:porkchop":1,"minecraft:sand":1,"minecraft:diorite":65,"minecraft:carrot":5,"minecraft:spider_eye":1,"minecraft:arrow":1,"minecraft:rotten_flesh":14,"minecraft:sandstone_stairs":4,"minecraft:granite":33,"mysticsbiomes:pink_egg":1,"minecraft:oak_sapling":3,"minecraft:mutton":6,"minecraft:coal":28,"minecraft:wooden_axe":1,"minecraft:white_wool":3,"minecraft:cobblestone":296,"minecraft:oxeye_daisy":1},"minecraft:killed_by":{"minecraft:husk":1,"mutantmonsters:mutant_skeleton":1,"minecraft:skeleton":2,"minecraft:creeper":1,"minecraft:zombie":1,"minecraft:drowned":1},"minecraft:used":{"minecraft:cooked_mutton":6,"minecraft:diorite":56,"minecraft:stone_sword":132,"minecraft:sandstone_stairs":2,"minecraft:birch_planks":27,"minecraft:stone_pickaxe":493,"minecraft:oak_planks":20,"minecraft:wooden_pickaxe":59,"minecraft:blue_bed":5,"minecraft:rotten_flesh":2,"minecraft:torch":22,"minecraft:dirt":104,"minecraft:spyglass":34,"minecraft:crafting_table":7,"minecraft:carrot":5,"minecraft:wooden_axe":101,"minecraft:bow":12,"minecraft:furnace":1,"minecraft:cooked_porkchop":1,"minecraft:cooked_beef":5},"minecraft:crafted":{"minecraft:cooked_beef":20,"minecraft:oak_planks":184,"minecraft:cooked_porkchop":1,"minecraft:crafting_table":3,"minecraft:wooden_pickaxe":1,"minecraft:furnace":1,"minecraft:blue_bed":1,"minecraft:birch_planks":56,"minecraft:cooked_mutton":6,"minecraft:blue_dye":1,"minecraft:stick":68,"minecraft:stone_pickaxe":5,"minecraft:wooden_axe":2,"minecraft:stone_sword":1,"minecraft:white_bed":1,"minecraft:torch":40,"minecraft:birch_button":1},"minecraft:dropped":{"minecraft:wheat_seeds":9,"minecraft:birch_sapling":1,"minecraft:spruce_fence":1,"minecraft:carrot":16,"minecraft:poppy":1,"minecraft:dirt":5,"minecraft:cornflower":9,"minecraft:wooden_axe":1,"gravestone:obituary":8,"minecraft:spruce_slab":2,"minecraft:sand":1,"minecraft:arrow":1,"minecraft:bow":1},"minecraft:broken":{"minecraft:stone_pickaxe":3,"minecraft:wooden_axe":1,"minecraft:wooden_pickaxe":1}},"DataVersion":3465}