{"stats":{"minecraft:custom":{"minecraft:time_since_rest":13992,"minecraft:sprint_one_cm":112866,"minecraft:damage_taken":510,"minecraft:walk_one_cm":74650,"minecraft:mob_kills":8,"minecraft:drop":6,"minecraft:damage_dealt":1151,"minecraft:interact_with_crafting_table":4,"minecraft:fly_one_cm":21803,"minecraft:swim_one_cm":11739,"minecraft:crouch_one_cm":74,"minecraft:play_time":29454,"minecraft:deaths":2,"minecraft:sneak_time":14,"minecraft:walk_under_water_one_cm":1688,"minecraft:jump":404,"minecraft:leave_game":7,"minecraft:time_since_death":13961,"minecraft:walk_on_water_one_cm":4971,"minecraft:total_world_time":29454,"minecraft:fall_one_cm":2885},"minecraft:killed":{"minecraft:sheep":3,"minecraft:zombie":1,"minecraft:cow":4},"minecraft:mined":{"minecraft:birch_log":19,"minecraft:dandelion":5,"minecraft:crafting_table":1,"minecraft:azure_bluet":3,"minecraft:cornflower":11,"gravestone:gravestone":1,"minecraft:grass":51,"minecraft:coal_ore":11,"minecraft:grass_block":13,"minecraft:oak_log":47,"minecraft:poppy":1,"minecraft:sand":1,"minecraft:dirt":17,"minecraft:tall_grass":25,"minecraft:stone":11,"minecraft:sugar_cane":3,"minecraft:oxeye_daisy":1,"minecraft:oak_leaves":1},"minecraft:picked_up":{"minecraft:birch_log":19,"minecraft:stick":2,"minecraft:crafting_table":1,"minecraft:azure_bluet":2,"minecraft:leather":4,"minecraft:dandelion":4,"minecraft:sand":1,"minecraft:oak_log":46,"gravestone:obituary":1,"minecraft:cornflower":10,"minecraft:dirt":32,"minecraft:rotten_flesh":2,"minecraft:wheat_seeds":8,"minecraft:beef":9,"minecraft:poppy":1,"minecraft:mutton":6,"minecraft:oak_sapling":2,"minecraft:sugar_cane":6,"minecraft:birch_sapling":1,"minecraft:coal":11,"minecraft:white_wool":3,"minecraft:cobblestone":10,"minecraft:oxeye_daisy":1},"minecraft:killed_by":{"mutantmonsters:mutant_skeleton":1,"minecraft:skeleton":1},"minecraft:crafted":{"minecraft:oak_planks":24,"minecraft:crafting_table":2,"minecraft:stick":8,"minecraft:wooden_pickaxe":1,"minecraft:wooden_axe":2,"minecraft:birch_planks":56},"minecraft:used":{"minecraft:wooden_axe":100,"minecraft:wooden_pickaxe":30,"minecraft:rotten_flesh":2,"minecraft:dirt":16,"minecraft:crafting_table":3},"minecraft:broken":{"minecraft:wooden_axe":1},"minecraft:dropped":{"minecraft:dirt":3,"gravestone:obituary":3}},"DataVersion":3465}