{"stats":{"minecraft:custom":{"minecraft:interact_with_furnace":8,"minecraft:mob_kills":32,"minecraft:open_barrel":11,"minecraft:interact_with_crafting_table":10,"minecraft:leave_game":7,"minecraft:time_since_death":8511,"minecraft:sleep_in_bed":4,"minecraft:climb_one_cm":1324,"minecraft:time_since_rest":8536,"minecraft:sprint_one_cm":340564,"minecraft:damage_taken":2566,"minecraft:walk_one_cm":196440,"minecraft:drop":39,"minecraft:damage_dealt":3737,"minecraft:player_kills":1,"minecraft:swim_one_cm":58936,"minecraft:fly_one_cm":74131,"minecraft:open_chest":6,"minecraft:crouch_one_cm":331,"minecraft:play_time":131454,"minecraft:deaths":7,"minecraft:sneak_time":56,"minecraft:walk_under_water_one_cm":23059,"minecraft:boat_one_cm":58572,"minecraft:jump":1170,"minecraft:walk_on_water_one_cm":23772,"minecraft:interact_with_smoker":9,"minecraft:total_world_time":131454,"minecraft:fall_one_cm":19955},"minecraft:killed":{"minecraft:pig":1,"minecraft:salmon":2,"minecraft:spider":2,"minecraft:creeper":2,"minecraft:skeleton":2,"minecraft:sheep":5,"minecraft:zombie":6,"minecraft:drowned":1,"minecraft:cow":11},"minecraft:mined":{"minecraft:dandelion":6,"minecraft:crafting_table":5,"minecraft:cornflower":11,"minecraft:torch":1,"gravestone:gravestone":4,"minecraft:granite":33,"minecraft:grass_block":36,"minecraft:spruce_fence":1,"minecraft:poppy":1,"minecraft:copper_ore":51,"minecraft:tall_grass":38,"minecraft:oak_planks":1,"minecraft:sugar_cane":12,"minecraft:diorite":69,"minecraft:oxeye_daisy":1,"minecraft:blue_bed":4,"minecraft:wall_torch":2,"minecraft:tall_seagrass":1,"minecraft:furnace":1,"minecraft:light_gray_stained_glass":2,"minecraft:birch_log":19,"minecraft:birch_leaves":4,"minecraft:azure_bluet":3,"minecraft:brown_bed":1,"minecraft:grass":74,"minecraft:oak_log":47,"minecraft:coal_ore":29,"minecraft:sand":1,"minecraft:dirt":70,"minecraft:stone":311,"minecraft:spruce_slab":1,"minecraft:oak_leaves":7},"minecraft:picked_up":{"minecraft:birch_log":19,"minecraft:crafting_table":5,"minecraft:azure_bluet":2,"minecraft:salmon":2,"minecraft:leather":11,"minecraft:brown_bed":1,"minecraft:oak_log":46,"gravestone:obituary":3,"minecraft:string":1,"minecraft:gunpowder":2,"minecraft:blue_bed":4,"minecraft:cornflower":10,"minecraft:dirt":106,"minecraft:raw_copper":174,"minecraft:bow":1,"minecraft:wheat_seeds":10,"minecraft:beef":20,"minecraft:spruce_slab":2,"minecraft:poppy":1,"minecraft:oak_planks":3,"minecraft:sugar_cane":26,"minecraft:birch_sapling":1,"minecraft:furnace":1,"minecraft:sandstone":1,"minecraft:stick":2,"minecraft:torch":5,"minecraft:dandelion":5,"minecraft:spruce_fence":1,"minecraft:porkchop":1,"minecraft:sand":1,"minecraft:diorite":64,"minecraft:carrot":5,"minecraft:spider_eye":1,"minecraft:arrow":1,"minecraft:rotten_flesh":9,"minecraft:granite":33,"mysticsbiomes:pink_egg":1,"minecraft:oak_sapling":3,"minecraft:mutton":6,"minecraft:coal":28,"minecraft:wooden_axe":1,"minecraft:white_wool":3,"minecraft:cobblestone":296,"minecraft:oxeye_daisy":1},"minecraft:killed_by":{"mutantmonsters:mutant_skeleton":1,"minecraft:skeleton":2,"minecraft:creeper":1,"minecraft:zombie":1,"minecraft:drowned":1},"minecraft:used":{"minecraft:cooked_mutton":6,"minecraft:diorite":56,"minecraft:stone_sword":132,"minecraft:birch_planks":27,"minecraft:stone_pickaxe":493,"minecraft:oak_planks":20,"minecraft:wooden_pickaxe":59,"minecraft:blue_bed":5,"minecraft:rotten_flesh":2,"minecraft:torch":22,"minecraft:dirt":88,"minecraft:spyglass":34,"minecraft:crafting_table":7,"minecraft:carrot":5,"minecraft:wooden_axe":101,"minecraft:bow":12,"minecraft:furnace":1,"minecraft:cooked_porkchop":1,"minecraft:cooked_beef":5},"minecraft:crafted":{"minecraft:cooked_beef":20,"minecraft:oak_planks":184,"minecraft:cooked_porkchop":1,"minecraft:crafting_table":3,"minecraft:wooden_pickaxe":1,"minecraft:furnace":1,"minecraft:blue_bed":1,"minecraft:birch_planks":56,"minecraft:cooked_mutton":6,"minecraft:blue_dye":1,"minecraft:stick":68,"minecraft:stone_pickaxe":5,"minecraft:wooden_axe":2,"minecraft:stone_sword":1,"minecraft:white_bed":1,"minecraft:birch_button":1,"minecraft:torch":40},"minecraft:dropped":{"minecraft:wheat_seeds":9,"minecraft:birch_sapling":1,"minecraft:carrot":16,"minecraft:spruce_fence":1,"minecraft:poppy":1,"minecraft:dirt":5,"minecraft:cornflower":9,"minecraft:wooden_axe":1,"gravestone:obituary":7,"minecraft:spruce_slab":2,"minecraft:sand":1,"minecraft:arrow":1,"minecraft:bow":1},"minecraft:broken":{"minecraft:stone_pickaxe":3,"minecraft:wooden_axe":1,"minecraft:wooden_pickaxe":1}},"DataVersion":3465}