{"stats":{"minecraft:custom":{"minecraft:time_since_rest":1992,"minecraft:deaths":2,"minecraft:play_time":17454,"minecraft:crouch_one_cm":74,"minecraft:sprint_one_cm":75540,"minecraft:damage_taken":510,"minecraft:walk_one_cm":36283,"minecraft:sneak_time":14,"minecraft:walk_under_water_one_cm":138,"minecraft:mob_kills":1,"minecraft:drop":4,"minecraft:jump":249,"minecraft:damage_dealt":440,"minecraft:leave_game":7,"minecraft:walk_on_water_one_cm":2159,"minecraft:time_since_death":1961,"minecraft:total_world_time":17454,"minecraft:swim_one_cm":11739,"minecraft:fall_one_cm":2676,"minecraft:fly_one_cm":13654},"minecraft:killed":{"minecraft:zombie":1},"minecraft:mined":{"minecraft:poppy":1,"minecraft:grass":40,"minecraft:grass_block":9,"minecraft:sand":1,"minecraft:dirt":10,"minecraft:tall_grass":19,"minecraft:sugar_cane":3,"minecraft:dandelion":5,"minecraft:oxeye_daisy":1,"minecraft:cornflower":10,"minecraft:azure_bluet":3},"minecraft:picked_up":{"minecraft:azure_bluet":2,"minecraft:rotten_flesh":2,"minecraft:wheat_seeds":5,"minecraft:dandelion":4,"minecraft:sand":1,"minecraft:poppy":1,"minecraft:sugar_cane":6,"minecraft:cornflower":9,"minecraft:dirt":21,"minecraft:oxeye_daisy":1},"minecraft:killed_by":{"mutantmonsters:mutant_skeleton":1,"minecraft:skeleton":1},"minecraft:used":{"minecraft:dirt":8,"minecraft:rotten_flesh":1},"minecraft:dropped":{"gravestone:obituary":1,"minecraft:dirt":3}},"DataVersion":3465}