{"stats":{"minecraft:custom":{"minecraft:interact_with_furnace":10,"minecraft:mob_kills":23,"minecraft:interact_with_crafting_table":20,"minecraft:eat_cake_slice":2,"minecraft:time_since_death":124938,"minecraft:sleep_in_bed":3,"minecraft:time_since_rest":55706,"minecraft:sprint_one_cm":312592,"minecraft:walk_one_cm":279991,"minecraft:damage_taken":1742,"minecraft:drop":84,"minecraft:damage_dealt":3614,"minecraft:swim_one_cm":363,"minecraft:talked_to_villager":45,"minecraft:fly_one_cm":334175,"minecraft:open_chest":30,"minecraft:crouch_one_cm":6431,"minecraft:play_time":124938,"minecraft:sneak_time":4172,"minecraft:walk_under_water_one_cm":2269,"minecraft:jump":2081,"minecraft:walk_on_water_one_cm":8282,"minecraft:interact_with_smoker":2,"minecraft:total_world_time":124938,"minecraft:fall_one_cm":62422},"minecraft:killed":{"weeping_angels:weeping_angel":3,"minecraft:pig":1,"minecraft:spider":3,"minecraft:sheep":10,"minecraft:skeleton":1,"minecraft:zombie":2,"minecraft:chicken":1},"minecraft:mined":{"minecraft:dark_oak_planks":1,"minecraft:redstone_block":1,"minecraft:glass_pane":1,"minecraft:comparator":1,"minecraft:soul_lantern":2,"minecraft:crafting_table":1,"minecraft:spruce_fence":2,"minecraft:granite":2,"minecraft:grass_block":1,"minecraft:stone_button":1,"minecraft:melon":1,"minecraft:chest":1,"minecraft:lime_carpet":44,"minecraft:redstone_wire":8,"minecraft:campfire":1,"minecraft:copper_ore":6,"minecraft:cobblestone":2,"minecraft:blue_bed":2,"minecraft:seagrass":2,"minecraft:hay_block":30,"minecraft:repeater":2,"minecraft:iron_ore":1,"minecraft:andesite":2,"weeping_angels:kontron_ore":9,"minecraft:spruce_log":9,"minecraft:dark_oak_fence_gate":1,"minecraft:light_gray_wool":1,"minecraft:stripped_spruce_log":3,"minecraft:dark_oak_stairs":3,"minecraft:grass":13,"minecraft:pointed_dripstone":1,"minecraft:coal_ore":2,"minecraft:dirt_path":1,"minecraft:dripstone_block":1,"minecraft:sand":44,"minecraft:dirt":2,"minecraft:cobweb":14,"minecraft:stone":272,"minecraft:redstone_wall_torch":1,"minecraft:deepslate":3},"minecraft:picked_up":{"minecraft:charcoal":2,"minecraft:crafting_table":1,"minecraft:feather":2,"minecraft:repeater":2,"minecraft:redstone_block":1,"minecraft:chicken":1,"minecraft:andesite":3,"minecraft:leather":4,"minecraft:potato":24,"gravestone:obituary":2,"minecraft:gunpowder":2,"minecraft:string":4,"minecraft:dirt":3,"minecraft:blue_bed":2,"minecraft:raw_copper":38,"weeping_angels:kontron_ingot":9,"minecraft:cooked_mutton":2,"minecraft:item_frame":5,"minecraft:glass":18,"minecraft:bone":7,"minecraft:spruce_planks":1,"minecraft:iron_ingot":4,"minecraft:beef":1,"minecraft:light_gray_wool":3,"minecraft:chest":1,"minecraft:dark_oak_stairs":4,"minecraft:raw_iron":19,"minecraft:dripstone_block":1,"minecraft:sand":43,"minecraft:porkchop":3,"minecraft:stone_button":2,"minecraft:stripped_spruce_log":2,"minecraft:spruce_log":7,"minecraft:redstone":8,"minecraft:mossy_cobblestone":1,"minecraft:dark_oak_planks":1,"minecraft:lime_carpet":43,"minecraft:rotten_flesh":4,"minecraft:beetroot_seeds":14,"minecraft:soul_lantern":2,"minecraft:writable_book":1,"minecraft:hay_block":29,"minecraft:bread":6,"minecraft:gold_ingot":1,"minecraft:emerald":4,"minecraft:baked_potato":2,"minecraft:mutton":17,"minecraft:snowball":49,"minecraft:coal":28,"minecraft:white_wool":8,"minecraft:cobblestone":302},"minecraft:crafted":{"minecraft:crafting_table":2,"minecraft:spruce_planks":36,"travelersbackpack:backpack_tank":2,"minecraft:wooden_pickaxe":1,"travelersbackpack:hose_nozzle":1,"minecraft:furnace":1,"minecraft:stone_axe":1,"minecraft:bread":87,"travelersbackpack:white_sleeping_bag":2,"minecraft:stick":12,"minecraft:iron_pickaxe":1,"minecraft:stone_pickaxe":1,"minecraft:stone_sword":1,"minecraft:chest":1,"minecraft:wheat":261},"minecraft:used":{"minecraft:cooked_mutton":1,"minecraft:writable_book":1,"minecraft:stone_sword":24,"minecraft:snow_block":3,"minecraft:stone_pickaxe":87,"minecraft:baked_potato":1,"minecraft:chest":2,"minecraft:spruce_planks":4,"minecraft:wooden_pickaxe":4,"minecraft:blue_bed":1,"minecraft:rotten_flesh":2,"minecraft:dirt":2,"minecraft:crafting_table":3,"minecraft:snowball":5,"minecraft:apple":6,"minecraft:iron_pickaxe":236,"minecraft:bread":33,"minecraft:item_frame":3,"minecraft:stone_axe":40,"minecraft:light_gray_wool":1,"minecraft:cobblestone":45,"minecraft:furnace":1,"minecraft:potato":22},"minecraft:dropped":{"minecraft:snow_block":1,"minecraft:iron_ingot":4,"minecraft:bread":44,"minecraft:dark_oak_stairs":4,"minecraft:raw_copper":38,"minecraft:mossy_cobblestone":1,"minecraft:diamond":2,"minecraft:dripstone_block":1,"minecraft:rotten_flesh":2,"minecraft:light_gray_wool":1,"minecraft:apple":3,"minecraft:stick":2,"minecraft:dirt":1,"minecraft:potato":25,"minecraft:stone_button":2,"travelersbackpack:white_sleeping_bag":1,"minecraft:iron_chestplate":1,"minecraft:beetroot_seeds":14,"minecraft:blue_ice":1,"gravestone:obituary":1,"minecraft:snowball":65,"minecraft:writable_book":1,"travelersbackpack:hose_nozzle":1,"minecraft:wooden_pickaxe":1,"minecraft:dark_oak_planks":1,"minecraft:blue_bed":1},"minecraft:broken":{"minecraft:stone_pickaxe":1}},"DataVersion":3465}