{"stats":{"minecraft:custom":{"minecraft:open_chest":4,"minecraft:time_since_rest":16938,"minecraft:crouch_one_cm":1031,"minecraft:play_time":16938,"minecraft:sprint_one_cm":33808,"minecraft:damage_taken":230,"minecraft:walk_one_cm":43617,"minecraft:sneak_time":513,"minecraft:mob_kills":2,"minecraft:drop":1,"minecraft:jump":190,"minecraft:damage_dealt":437,"minecraft:time_since_death":16938,"minecraft:total_world_time":16938,"minecraft:talked_to_villager":38,"minecraft:fall_one_cm":5707,"minecraft:fly_one_cm":35985},"minecraft:killed":{"minecraft:zombie":1},"minecraft:mined":{"minecraft:grass":12,"minecraft:dirt_path":1,"minecraft:chest":1,"minecraft:blue_bed":2},"minecraft:picked_up":{"minecraft:item_frame":3,"minecraft:rotten_flesh":2,"minecraft:writable_book":1,"minecraft:bread":1,"minecraft:chest":1,"minecraft:dirt":2,"minecraft:blue_bed":2},"minecraft:used":{"minecraft:rotten_flesh":2,"minecraft:item_frame":2,"minecraft:dirt":1,"minecraft:writable_book":1,"minecraft:bread":3,"minecraft:potato":12,"minecraft:snowball":2},"minecraft:dropped":{"minecraft:writable_book":1}},"DataVersion":3465}