{"stats":{"minecraft:custom":{"minecraft:mob_kills":14,"minecraft:interact_with_crafting_table":11,"minecraft:eat_cake_slice":2,"minecraft:time_since_death":52938,"minecraft:sleep_in_bed":2,"minecraft:time_since_rest":503,"minecraft:sprint_one_cm":153507,"minecraft:walk_one_cm":122171,"minecraft:damage_taken":932,"minecraft:drop":62,"minecraft:damage_dealt":1990,"minecraft:talked_to_villager":42,"minecraft:fly_one_cm":137693,"minecraft:open_chest":16,"minecraft:crouch_one_cm":2767,"minecraft:play_time":52938,"minecraft:sneak_time":2219,"minecraft:jump":681,"minecraft:total_world_time":52938,"minecraft:fall_one_cm":21169},"minecraft:killed":{"minecraft:sheep":10,"minecraft:skeleton":1,"minecraft:zombie":1},"minecraft:mined":{"minecraft:dark_oak_planks":1,"minecraft:crafting_table":1,"minecraft:stone_button":1,"minecraft:chest":1,"minecraft:campfire":1,"minecraft:blue_bed":2,"minecraft:hay_block":30,"minecraft:spruce_log":5,"minecraft:stripped_spruce_log":2,"minecraft:dark_oak_stairs":3,"minecraft:grass":12,"minecraft:dirt_path":1,"minecraft:dirt":1,"minecraft:stone":22},"minecraft:picked_up":{"minecraft:charcoal":2,"minecraft:crafting_table":1,"gravestone:obituary":1,"minecraft:dirt":3,"minecraft:blue_bed":2,"minecraft:cooked_mutton":1,"minecraft:item_frame":5,"minecraft:bone":1,"minecraft:beef":1,"minecraft:light_gray_wool":1,"minecraft:chest":1,"minecraft:dark_oak_stairs":4,"minecraft:porkchop":2,"minecraft:stone_button":1,"minecraft:stripped_spruce_log":2,"minecraft:spruce_log":5,"minecraft:mossy_cobblestone":1,"minecraft:dark_oak_planks":1,"minecraft:rotten_flesh":2,"minecraft:writable_book":1,"minecraft:hay_block":29,"minecraft:bread":6,"minecraft:gold_ingot":1,"minecraft:emerald":2,"minecraft:mutton":17,"minecraft:white_wool":8,"minecraft:cobblestone":22},"minecraft:crafted":{"minecraft:crafting_table":1,"minecraft:spruce_planks":28,"minecraft:wooden_pickaxe":1,"travelersbackpack:hose_nozzle":1,"minecraft:stone_axe":1,"minecraft:bread":87,"travelersbackpack:white_sleeping_bag":2,"minecraft:stick":8,"minecraft:stone_pickaxe":1,"minecraft:wheat":261},"minecraft:used":{"minecraft:writable_book":1,"minecraft:snow_block":3,"minecraft:stone_pickaxe":18,"minecraft:spruce_planks":4,"minecraft:wooden_pickaxe":4,"minecraft:blue_bed":1,"minecraft:rotten_flesh":2,"minecraft:dirt":2,"minecraft:crafting_table":2,"minecraft:snowball":5,"minecraft:apple":6,"minecraft:bread":14,"minecraft:item_frame":3,"minecraft:stone_axe":10,"minecraft:potato":20},"minecraft:dropped":{"minecraft:iron_ingot":4,"minecraft:bread":44,"minecraft:dark_oak_stairs":1,"minecraft:diamond":2,"minecraft:apple":3,"minecraft:dirt":1,"minecraft:potato":1,"travelersbackpack:white_sleeping_bag":1,"minecraft:iron_chestplate":1,"minecraft:writable_book":1,"travelersbackpack:hose_nozzle":1,"minecraft:wooden_pickaxe":1,"minecraft:blue_bed":1}},"DataVersion":3465}