{"stats":{"minecraft:broken":{"minecraft:iron_shovel":1,"minecraft:stone_pickaxe":2,"minecraft:stone_axe":1,"minecraft:iron_pickaxe":6},"minecraft:crafted":{"minecraft:oak_planks":24,"minecraft:oak_sign":3,"minecraft:iron_nugget":18,"minecraft:chain":4,"travelersbackpack:hose_nozzle":1,"minecraft:furnace":1,"minecraft:cobblestone_stairs":256,"minecraft:stone":179,"travelersbackpack:white_sleeping_bag":2,"minecraft:iron_axe":1,"minecraft:stone_pickaxe":5,"minecraft:chest":10,"minecraft:wheat":261,"minecraft:crafting_table":3,"minecraft:spruce_planks":36,"travelersbackpack:backpack_tank":5,"travelersbackpack:standard":2,"minecraft:wooden_pickaxe":1,"minecraft:cooked_salmon":4,"minecraft:bucket":1,"minecraft:stone_axe":1,"minecraft:bread":87,"minecraft:air":0,"minecraft:oak_boat":1,"minecraft:stick":64,"minecraft:iron_ingot":23,"minecraft:iron_pickaxe":6,"minecraft:snow_block":3,"minecraft:stone_sword":1,"minecraft:iron_shovel":1,"minecraft:torch":60},"minecraft:custom":{"minecraft:mob_kills":58,"minecraft:interact_with_crafting_table":52,"minecraft:open_barrel":6,"minecraft:eat_cake_slice":4,"minecraft:leave_game":1,"minecraft:time_since_death":170446,"minecraft:climb_one_cm":15608,"minecraft:sprint_one_cm":664677,"minecraft:walk_one_cm":830447,"minecraft:drop":147,"minecraft:play_noteblock":19,"minecraft:talked_to_villager":45,"minecraft:play_time":354420,"minecraft:sneak_time":9078,"minecraft:deaths":1,"minecraft:walk_under_water_one_cm":12882,"minecraft:boat_one_cm":72610,"minecraft:jump":4524,"minecraft:interact_with_blast_furnace":1,"minecraft:walk_on_water_one_cm":12431,"minecraft:total_world_time":354420,"minecraft:interact_with_furnace":44,"minecraft:tune_noteblock":19,"minecraft:sleep_in_bed":7,"minecraft:time_since_rest":2929,"minecraft:damage_absorbed":40,"minecraft:damage_taken":3827,"minecraft:damage_dealt":9645,"minecraft:swim_one_cm":17554,"minecraft:fly_one_cm":717287,"minecraft:open_chest":86,"minecraft:crouch_one_cm":17151,"minecraft:interact_with_smoker":18,"minecraft:fall_one_cm":131603},"minecraft:killed":{"weeping_angels:weeping_angel":4,"minecraft:spider":5,"minecraft:skeleton":4,"minecraft:chicken":1,"minecraft:husk":7,"minecraft:pig":2,"minecraft:salmon":13,"minecraft:sheep":10,"minecraft:zombie":3,"minecraft:enderman":1,"minecraft:cow":4},"minecraft:killed_by":{"minecraft:husk":1},"minecraft:dropped":{"minecraft:iron_ingot":4,"minecraft:bread":44,"minecraft:porkchop":3,"minecraft:dark_oak_stairs":4,"minecraft:baked_potato":7,"minecraft:mossy_cobblestone":1,"minecraft:diamond":2,"minecraft:dripstone_block":1,"minecraft:iron_helmet":1,"minecraft:feather":2,"minecraft:cobblestone":24,"minecraft:apple":3,"minecraft:granite":4,"travelersbackpack:standard":3,"minecraft:grass_block":1,"minecraft:item_frame":2,"minecraft:stick":19,"minecraft:dirt":2,"minecraft:jungle_slab":3,"minecraft:stone_button":2,"minecraft:repeater":2,"minecraft:dark_oak_trapdoor":2,"minecraft:snowball":97,"minecraft:potion":2,"gravestone:obituary":2,"minecraft:writable_book":1,"minecraft:jungle_sign":1,"minecraft:dark_oak_planks":1,"minecraft:birch_log":2,"minecraft:blue_bed":1,"minecraft:redstone":16,"minecraft:snow_block":8,"minecraft:nether_brick_slab":4,"minecraft:iron_nugget":1,"minecraft:raw_copper":38,"minecraft:jukebox":1,"minecraft:birch_sapling":1,"minecraft:chicken":1,"minecraft:rotten_flesh":4,"minecraft:light_gray_wool":1,"minecraft:oak_sign":2,"minecraft:filled_map":1,"minecraft:potato":25,"minecraft:gunpowder":2,"travelersbackpack:white_sleeping_bag":1,"minecraft:charcoal":10,"minecraft:iron_chestplate":1,"minecraft:blue_ice":1,"minecraft:beetroot_seeds":14,"minecraft:golden_leggings":1,"minecraft:oak_sapling":1,"travelersbackpack:hose_nozzle":1,"minecraft:arrow":3,"minecraft:wooden_pickaxe":1,"minecraft:red_tulip":2,"minecraft:stone_brick_stairs":1,"minecraft:cyan_bed":1,"minecraft:egg":1},"minecraft:used":{"minecraft:iron_shovel":234,"minecraft:writable_book":4,"minecraft:stone_sword":31,"minecraft:chest":10,"minecraft:spruce_planks":211,"minecraft:oak_sign":1,"minecraft:stone":179,"minecraft:cooked_salmon":2,"minecraft:quartz_stairs":1,"minecraft:torch":25,"minecraft:rotten_flesh":2,"minecraft:dirt":23,"minecraft:nether_brick_slab":1,"minecraft:snowball":78,"minecraft:lava_bucket":2,"minecraft:iron_axe":28,"minecraft:item_frame":3,"minecraft:light_gray_wool":1,"minecraft:furnace":1,"minecraft:potato":22,"minecraft:calcite":1,"minecraft:cooked_mutton":2,"minecraft:water_bucket":1,"minecraft:diorite":13,"minecraft:cobblestone_stairs":91,"minecraft:snow_block":4,"minecraft:stone_pickaxe":298,"minecraft:baked_potato":43,"minecraft:oak_planks":4,"minecraft:blue_bed":3,"minecraft:wooden_pickaxe":4,"minecraft:golden_apple":1,"anthropology_items__structures:hunters_machete":107,"minecraft:crafting_table":5,"minecraft:apple":6,"minecraft:iron_pickaxe":1509,"minecraft:bread":37,"minecraft:soul_lantern":2,"minecraft:stone_axe":83,"travelersbackpack:standard":6,"minecraft:cobblestone":129,"minecraft:bucket":9,"minecraft:chain":6,"minecraft:oak_boat":2},"minecraft:picked_up":{"minecraft:charcoal":4,"minecraft:crafting_table":3,"minecraft:redstone_block":1,"minecraft:chicken":1,"minecraft:redstone_lamp":30,"minecraft:potion":1,"minecraft:stone_brick_stairs":1,"minecraft:chain":2,"gravestone:obituary":3,"minecraft:string":4,"minecraft:dark_oak_trapdoor":2,"minecraft:soul_soil":4,"minecraft:raw_copper":97,"minecraft:item_frame":5,"minecraft:compass":1,"minecraft:spruce_planks":958,"minecraft:beef":9,"minecraft:oak_boat":2,"minecraft:player_head":2,"minecraft:calcite":1,"minecraft:light_gray_wool":3,"minecraft:quartz_stairs":1,"minecraft:chest":2,"minecraft:birch_sapling":1,"minecraft:egg":2,"minecraft:raw_iron":27,"minecraft:stick":2,"minecraft:beehive":4,"minecraft:jukebox":1,"minecraft:torch":10,"minecraft:note_block":14,"minecraft:snow_block":5,"minecraft:porkchop":9,"minecraft:stone_button":2,"minecraft:diorite":100,"minecraft:redstone":16,"minecraft:jungle_sign":1,"minecraft:dark_oak_planks":1,"minecraft:arrow":3,"minecraft:lime_carpet":43,"minecraft:rotten_flesh":8,"minecraft:beetroot_seeds":14,"minecraft:jungle_stairs":1,"minecraft:hay_block":29,"minecraft:red_tulip":3,"minecraft:stripped_dark_oak_wood":2,"minecraft:gold_ingot":1,"minecraft:mutton":17,"minecraft:bone_block":20,"minecraft:snowball":162,"minecraft:white_wool":8,"minecraft:cobblestone":2142,"minecraft:birch_log":2,"minecraft:feather":2,"minecraft:repeater":19,"minecraft:salmon":11,"minecraft:andesite":3,"minecraft:leather":9,"minecraft:golden_leggings":1,"minecraft:potato":24,"minecraft:flint":5,"minecraft:oak_log":12,"minecraft:gunpowder":2,"minecraft:cobblestone_stairs":3,"minecraft:lapis_lazuli":38,"minecraft:blue_bed":4,"minecraft:dirt":127,"weeping_angels:kontron_ingot":20,"minecraft:cooked_mutton":2,"minecraft:glass":43,"minecraft:bone":11,"minecraft:iron_ingot":4,"minecraft:stone_pickaxe":1,"minecraft:dark_oak_stairs":4,"minecraft:dripstone_block":1,"minecraft:gravel":50,"minecraft:sand":43,"minecraft:stripped_spruce_log":2,"minecraft:blast_furnace":7,"minecraft:spruce_log":71,"minecraft:grass_block":1,"minecraft:nether_brick_slab":5,"minecraft:cyan_bed":1,"minecraft:jungle_slab":3,"minecraft:spider_eye":1,"minecraft:mossy_cobblestone":1,"travelersbackpack:white_sleeping_bag":1,"travelersbackpack:standard":3,"minecraft:white_candle":8,"minecraft:soul_lantern":2,"minecraft:writable_book":1,"minecraft:granite":4,"minecraft:golden_apple":1,"minecraft:spruce_sign":2,"minecraft:emerald":4,"minecraft:bread":6,"minecraft:baked_potato":50,"minecraft:oak_sapling":1,"minecraft:coal":60,"minecraft:ender_pearl":1},"minecraft:mined":{"minecraft:dark_oak_planks":3,"minecraft:waxed_cut_copper_slab":2,"minecraft:spruce_planks":5,"minecraft:quartz_stairs":1,"minecraft:jungle_slab":1,"minecraft:red_nether_bricks":1,"minecraft:cobblestone_stairs":3,"minecraft:granite":6,"gravestone:gravestone":1,"minecraft:deepslate_tile_wall":1,"minecraft:stone_button":1,"minecraft:spruce_fence":2,"minecraft:grass_block":10,"minecraft:redstone_wire":16,"minecraft:coal_block":1,"minecraft:soul_campfire":4,"minecraft:spruce_leaves":9,"minecraft:sandstone":1,"minecraft:spawner":2,"minecraft:hay_block":30,"minecraft:black_stained_glass_pane":2,"minecraft:dark_oak_trapdoor":1,"minecraft:iron_ore":1,"minecraft:fire":2,"minecraft:andesite":2,"minecraft:dark_oak_fence_gate":1,"minecraft:stripped_spruce_log":3,"minecraft:stripped_dark_oak_wood":1,"minecraft:dark_oak_stairs":3,"minecraft:pointed_dripstone":2,"minecraft:dirt_path":2,"minecraft:vine":2,"minecraft:iron_bars":2,"minecraft:stripped_mangrove_wood":1,"minecraft:stone":1416,"minecraft:bone_block":23,"minecraft:player_head":2,"minecraft:redstone_wall_torch":1,"minecraft:redstone_block":1,"minecraft:glass_pane":1,"minecraft:comparator":1,"minecraft:snow_block":46,"minecraft:powder_snow":3,"minecraft:soul_lantern":2,"minecraft:note_block":14,"minecraft:crafting_table":3,"minecraft:torch":2,"minecraft:jungle_stairs":1,"minecraft:blast_furnace":7,"minecraft:calcite":7,"minecraft:melon":1,"minecraft:chest":2,"minecraft:lime_carpet":44,"minecraft:nether_brick_slab":6,"minecraft:campfire":1,"minecraft:copper_ore":16,"minecraft:cobblestone":61,"minecraft:white_candle":2,"minecraft:lapis_ore":1,"minecraft:cyan_bed":4,"minecraft:diorite":102,"minecraft:blue_bed":4,"minecraft:wall_torch":7,"minecraft:seagrass":2,"minecraft:chain":2,"minecraft:repeater":17,"minecraft:beehive":4,"minecraft:spruce_log":9,"minecraft:sweet_berry_bush":1,"weeping_angels:kontron_ore":11,"minecraft:blue_ice":4,"minecraft:jukebox":1,"minecraft:light_gray_wool":1,"minecraft:grass":13,"minecraft:mangrove_slab":2,"minecraft:coal_ore":7,"minecraft:oak_log":6,"minecraft:gravel":56,"minecraft:dirt":130,"minecraft:sand":44,"minecraft:dripstone_block":1,"minecraft:cobweb":14,"minecraft:potted_red_tulip":1,"minecraft:jungle_wall_sign":1,"minecraft:deepslate":3,"minecraft:oak_leaves":1,"minecraft:cyan_candle":1,"minecraft:redstone_lamp":29}},"DataVersion":3465}