{"stats":{"minecraft:custom":{"minecraft:interact_with_furnace":4,"minecraft:mob_kills":19,"minecraft:interact_with_crafting_table":15,"minecraft:eat_cake_slice":2,"minecraft:time_since_death":88938,"minecraft:sleep_in_bed":3,"minecraft:time_since_rest":19706,"minecraft:sprint_one_cm":247765,"minecraft:walk_one_cm":180952,"minecraft:damage_taken":1325,"minecraft:drop":65,"minecraft:damage_dealt":2756,"minecraft:talked_to_villager":45,"minecraft:fly_one_cm":294072,"minecraft:open_chest":22,"minecraft:crouch_one_cm":3280,"minecraft:play_time":88938,"minecraft:sneak_time":2552,"minecraft:walk_under_water_one_cm":254,"minecraft:jump":1464,"minecraft:walk_on_water_one_cm":6449,"minecraft:total_world_time":88938,"minecraft:fall_one_cm":46715},"minecraft:killed":{"weeping_angels:weeping_angel":3,"minecraft:pig":1,"minecraft:sheep":10,"minecraft:skeleton":1,"minecraft:zombie":1,"minecraft:chicken":1},"minecraft:mined":{"minecraft:dark_oak_planks":1,"minecraft:glass_pane":1,"minecraft:soul_lantern":2,"minecraft:crafting_table":1,"minecraft:stone_button":1,"minecraft:melon":1,"minecraft:chest":1,"minecraft:lime_carpet":44,"minecraft:campfire":1,"minecraft:blue_bed":2,"minecraft:seagrass":2,"minecraft:hay_block":30,"minecraft:spruce_log":5,"minecraft:dark_oak_fence_gate":1,"minecraft:light_gray_wool":1,"minecraft:stripped_spruce_log":3,"minecraft:dark_oak_stairs":3,"minecraft:grass":13,"minecraft:dirt_path":1,"minecraft:sand":44,"minecraft:dirt":1,"minecraft:stone":25},"minecraft:picked_up":{"minecraft:charcoal":2,"minecraft:crafting_table":1,"minecraft:feather":2,"minecraft:chicken":1,"gravestone:obituary":1,"minecraft:dirt":3,"minecraft:blue_bed":2,"minecraft:cooked_mutton":2,"minecraft:item_frame":5,"minecraft:glass":18,"minecraft:bone":1,"minecraft:iron_ingot":4,"minecraft:beef":1,"minecraft:light_gray_wool":3,"minecraft:chest":1,"minecraft:dark_oak_stairs":4,"minecraft:raw_iron":4,"minecraft:sand":43,"minecraft:porkchop":3,"minecraft:stone_button":1,"minecraft:stripped_spruce_log":2,"minecraft:spruce_log":5,"minecraft:mossy_cobblestone":1,"minecraft:dark_oak_planks":1,"minecraft:lime_carpet":43,"minecraft:rotten_flesh":2,"minecraft:soul_lantern":2,"minecraft:writable_book":1,"minecraft:hay_block":29,"minecraft:bread":6,"minecraft:gold_ingot":1,"minecraft:emerald":3,"minecraft:mutton":17,"minecraft:white_wool":8,"minecraft:cobblestone":25},"minecraft:crafted":{"minecraft:crafting_table":1,"minecraft:spruce_planks":28,"travelersbackpack:backpack_tank":2,"minecraft:wooden_pickaxe":1,"travelersbackpack:hose_nozzle":1,"minecraft:furnace":1,"minecraft:stone_axe":1,"minecraft:bread":87,"travelersbackpack:white_sleeping_bag":2,"minecraft:stick":8,"minecraft:stone_pickaxe":1,"minecraft:chest":1,"minecraft:wheat":261},"minecraft:used":{"minecraft:writable_book":1,"minecraft:snow_block":3,"minecraft:stone_pickaxe":41,"minecraft:chest":2,"minecraft:spruce_planks":4,"minecraft:wooden_pickaxe":4,"minecraft:blue_bed":1,"minecraft:rotten_flesh":2,"minecraft:dirt":2,"minecraft:crafting_table":2,"minecraft:snowball":5,"minecraft:apple":6,"minecraft:bread":26,"minecraft:item_frame":3,"minecraft:stone_axe":15,"minecraft:light_gray_wool":1,"minecraft:furnace":1,"minecraft:potato":20},"minecraft:dropped":{"minecraft:iron_ingot":4,"minecraft:bread":44,"minecraft:dark_oak_stairs":1,"minecraft:mossy_cobblestone":1,"minecraft:diamond":2,"minecraft:light_gray_wool":1,"minecraft:apple":3,"minecraft:stick":2,"minecraft:dirt":1,"minecraft:potato":1,"travelersbackpack:white_sleeping_bag":1,"minecraft:iron_chestplate":1,"minecraft:writable_book":1,"travelersbackpack:hose_nozzle":1,"minecraft:wooden_pickaxe":1,"minecraft:blue_bed":1}},"DataVersion":3465}