{"stats":{"minecraft:broken":{"minecraft:iron_shovel":1,"minecraft:stone_pickaxe":4,"minecraft:stone_axe":1,"minecraft:iron_pickaxe":8},"minecraft:crafted":{"minecraft:oak_planks":24,"minecraft:oak_sign":3,"minecraft:chain":4,"travelersbackpack:hose_nozzle":1,"minecraft:stone":462,"minecraft:cobblestone_stairs":256,"furnitura:spruce_table":2,"minecraft:chest":10,"minecraft:cooked_porkchop":12,"minecraft:crafting_table":3,"minecraft:spruce_planks":68,"minecraft:wooden_pickaxe":1,"travelersbackpack:standard":2,"minecraft:spruce_trapdoor":8,"minecraft:stick":128,"minecraft:iron_ingot":23,"minecraft:iron_pickaxe":8,"minecraft:stone_sword":1,"minecraft:snow_block":3,"minecraft:redstone_torch":44,"minecraft:iron_nugget":18,"minecraft:furnace":1,"minecraft:flint_and_steel":1,"travelersbackpack:white_sleeping_bag":2,"minecraft:iron_axe":1,"minecraft:spruce_slab":30,"minecraft:stone_pickaxe":5,"minecraft:wheat":261,"minecraft:spruce_sign":3,"travelersbackpack:backpack_tank":5,"minecraft:cooked_salmon":4,"minecraft:bucket":1,"minecraft:stone_axe":1,"minecraft:bread":87,"minecraft:air":0,"minecraft:oak_boat":1,"minecraft:iron_shovel":2,"minecraft:torch":60},"minecraft:custom":{"minecraft:interact_with_crafting_table":68,"minecraft:open_barrel":6,"minecraft:eat_cake_slice":4,"minecraft:leave_game":1,"minecraft:time_since_death":248446,"minecraft:sprint_one_cm":870944,"minecraft:drop":160,"minecraft:play_noteblock":19,"minecraft:talked_to_villager":45,"minecraft:play_time":432420,"minecraft:deaths":1,"minecraft:jump":5164,"minecraft:walk_on_water_one_cm":13024,"minecraft:interact_with_furnace":70,"minecraft:sleep_in_bed":10,"minecraft:damage_dealt":9655,"minecraft:crouch_one_cm":17575,"minecraft:interact_with_smoker":21,"minecraft:mob_kills":58,"minecraft:climb_one_cm":15608,"minecraft:walk_one_cm":1155124,"minecraft:sneak_time":9346,"minecraft:walk_under_water_one_cm":12882,"minecraft:boat_one_cm":72610,"minecraft:interact_with_blast_furnace":3,"minecraft:total_world_time":432420,"minecraft:tune_noteblock":19,"minecraft:interact_with_stonecutter":5,"minecraft:time_since_rest":29421,"minecraft:damage_taken":4053,"minecraft:damage_absorbed":40,"minecraft:swim_one_cm":17554,"minecraft:fly_one_cm":793137,"minecraft:open_chest":120,"minecraft:fall_one_cm":132445},"minecraft:killed":{"minecraft:spider":5,"minecraft:skeleton":4,"minecraft:chicken":1,"minecraft:pig":2,"minecraft:salmon":13,"minecraft:sheep":10,"minecraft:zombie":3,"minecraft:cow":4,"weeping_angels:weeping_angel":4,"minecraft:husk":7,"minecraft:enderman":1},"minecraft:killed_by":{"minecraft:husk":1},"minecraft:dropped":{"minecraft:dark_oak_stairs":4,"minecraft:porkchop":3,"minecraft:baked_potato":7,"minecraft:diamond":2,"travelersbackpack:standard":3,"minecraft:item_frame":2,"minecraft:dirt":2,"minecraft:stone_button":2,"minecraft:dark_oak_trapdoor":2,"minecraft:snowball":97,"minecraft:jungle_sign":1,"gravestone:obituary":2,"minecraft:writable_book":1,"minecraft:dark_oak_planks":1,"minecraft:birch_log":2,"minecraft:blue_bed":1,"minecraft:iron_nugget":1,"minecraft:birch_sapling":1,"minecraft:rotten_flesh":4,"minecraft:gunpowder":2,"travelersbackpack:white_sleeping_bag":1,"minecraft:charcoal":10,"minecraft:beetroot_seeds":14,"minecraft:arrow":3,"minecraft:stone_brick_stairs":1,"minecraft:egg":1,"minecraft:enchanted_book":4,"minecraft:iron_ingot":4,"minecraft:bread":44,"minecraft:mossy_cobblestone":1,"minecraft:dripstone_block":1,"minecraft:feather":2,"minecraft:iron_helmet":1,"minecraft:cobblestone":24,"minecraft:apple":3,"minecraft:granite":4,"minecraft:grass_block":1,"minecraft:stick":19,"minecraft:jungle_slab":3,"minecraft:repeater":2,"minecraft:potion":2,"minecraft:redstone":16,"minecraft:snow_block":8,"minecraft:nether_brick_slab":4,"minecraft:raw_copper":38,"minecraft:jukebox":1,"minecraft:chicken":1,"minecraft:light_gray_wool":1,"minecraft:oak_sign":2,"minecraft:filled_map":1,"minecraft:potato":25,"minecraft:spruce_planks":205,"minecraft:iron_chestplate":1,"minecraft:blue_ice":1,"minecraft:golden_leggings":1,"minecraft:oak_sapling":1,"minecraft:stone_bricks":5,"travelersbackpack:hose_nozzle":1,"minecraft:wooden_pickaxe":1,"minecraft:red_tulip":2,"minecraft:cyan_bed":1},"minecraft:used":{"minecraft:writable_book":4,"minecraft:iron_shovel":281,"minecraft:spruce_slab":24,"minecraft:oak_sign":1,"minecraft:chest":10,"minecraft:stone":277,"minecraft:quartz_stairs":1,"minecraft:rotten_flesh":4,"minecraft:white_candle":8,"minecraft:snowball":78,"minecraft:lava_bucket":2,"minecraft:stone_bricks":280,"minecraft:item_frame":3,"minecraft:redstone_lamp":32,"minecraft:furnace":1,"minecraft:potato":22,"minecraft:diorite":25,"minecraft:stone_pickaxe":571,"minecraft:oak_planks":4,"minecraft:wooden_pickaxe":4,"minecraft:blue_bed":5,"minecraft:golden_apple":1,"minecraft:redstone_torch":42,"minecraft:lime_carpet":48,"minecraft:bread":37,"minecraft:soul_lantern":2,"minecraft:chain":6,"minecraft:oak_boat":2,"minecraft:stone_sword":31,"minecraft:flint_and_steel":2,"minecraft:spruce_planks":541,"minecraft:cooked_salmon":4,"minecraft:torch":52,"minecraft:dirt":26,"minecraft:nether_brick_slab":1,"minecraft:iron_axe":78,"minecraft:light_gray_wool":1,"minecraft:calcite":1,"minecraft:cooked_mutton":2,"minecraft:water_bucket":1,"minecraft:cobblestone_stairs":91,"minecraft:snow_block":4,"minecraft:baked_potato":43,"minecraft:spruce_sign":2,"furnitura:spruce_table":3,"anthropology_items__structures:hunters_machete":107,"minecraft:crafting_table":5,"minecraft:apple":6,"minecraft:iron_pickaxe":2003,"minecraft:spruce_trapdoor":19,"minecraft:stone_axe":83,"minecraft:cobblestone":129,"travelersbackpack:standard":6,"minecraft:cooked_porkchop":5,"minecraft:bucket":9},"minecraft:picked_up":{"minecraft:redstone_block":1,"minecraft:potion":1,"minecraft:enchanted_book":10,"minecraft:stone_brick_stairs":1,"minecraft:raw_copper":204,"minecraft:dark_oak_trapdoor":2,"minecraft:string":4,"minecraft:soul_soil":4,"minecraft:spruce_planks":985,"minecraft:redstone_torch":2,"minecraft:calcite":1,"minecraft:iron_pickaxe":1,"minecraft:beehive":4,"minecraft:stick":2,"minecraft:jukebox":1,"minecraft:torch":40,"minecraft:porkchop":9,"minecraft:snow_block":5,"minecraft:diorite":112,"minecraft:lime_carpet":63,"minecraft:rotten_flesh":8,"minecraft:red_tulip":3,"furnitura:spruce_table":1,"minecraft:snowball":162,"minecraft:cobblestone":2807,"minecraft:birch_log":2,"minecraft:feather":2,"minecraft:repeater":19,"minecraft:andesite":3,"minecraft:golden_leggings":1,"minecraft:potato":24,"minecraft:flint":10,"minecraft:lapis_lazuli":38,"minecraft:dirt":130,"weeping_angels:kontron_ingot":23,"minecraft:bone":11,"minecraft:glass":43,"minecraft:sand":43,"minecraft:stripped_spruce_log":2,"minecraft:grass_block":1,"minecraft:cyan_bed":1,"minecraft:jungle_slab":3,"minecraft:mossy_cobblestone":1,"travelersbackpack:white_sleeping_bag":1,"minecraft:white_candle":8,"minecraft:soul_lantern":2,"minecraft:writable_book":1,"minecraft:granite":12,"minecraft:golden_apple":1,"minecraft:bread":6,"minecraft:spruce_sign":2,"minecraft:emerald":4,"minecraft:oak_sapling":1,"minecraft:charcoal":4,"minecraft:crafting_table":3,"minecraft:chicken":1,"minecraft:redstone_lamp":32,"gravestone:obituary":3,"minecraft:chain":2,"minecraft:compass":1,"minecraft:item_frame":5,"minecraft:beef":9,"minecraft:oak_boat":2,"minecraft:player_head":2,"minecraft:light_gray_wool":3,"minecraft:spruce_slab":7,"minecraft:chest":3,"minecraft:quartz_stairs":1,"minecraft:birch_sapling":1,"minecraft:spruce_trapdoor":11,"minecraft:egg":2,"minecraft:raw_iron":27,"minecraft:note_block":14,"minecraft:stone_button":2,"minecraft:redstone":16,"minecraft:jungle_sign":1,"minecraft:dark_oak_planks":1,"minecraft:arrow":3,"minecraft:beetroot_seeds":14,"minecraft:jungle_stairs":1,"minecraft:diamond_boots":1,"minecraft:hay_block":29,"minecraft:stripped_dark_oak_wood":2,"minecraft:gold_ingot":1,"minecraft:mutton":17,"minecraft:white_wool":8,"minecraft:bone_block":20,"minecraft:salmon":11,"minecraft:leather":9,"minecraft:oak_log":12,"minecraft:gunpowder":2,"minecraft:cobblestone_stairs":3,"minecraft:blue_bed":6,"minecraft:cooked_mutton":2,"minecraft:stone_bricks":126,"minecraft:iron_ingot":4,"minecraft:stone_pickaxe":1,"minecraft:dark_oak_stairs":4,"minecraft:dripstone_block":1,"minecraft:gravel":109,"minecraft:blast_furnace":7,"minecraft:spruce_log":71,"minecraft:nether_brick_slab":5,"minecraft:spider_eye":1,"travelersbackpack:standard":3,"minecraft:baked_potato":50,"minecraft:coal":97,"minecraft:ender_pearl":1},"minecraft:mined":{"minecraft:dark_oak_planks":3,"minecraft:waxed_cut_copper_slab":2,"minecraft:spruce_planks":33,"minecraft:jungle_slab":1,"minecraft:cobblestone_stairs":3,"minecraft:red_nether_bricks":1,"minecraft:spruce_trapdoor":12,"minecraft:granite":13,"minecraft:deepslate_tile_wall":1,"minecraft:grass_block":10,"furnitura:spruce_table":1,"minecraft:coal_block":1,"minecraft:spawner":2,"minecraft:dark_oak_trapdoor":1,"minecraft:iron_ore":1,"minecraft:fire":2,"minecraft:stripped_dark_oak_wood":1,"minecraft:dark_oak_stairs":3,"minecraft:pointed_dripstone":2,"minecraft:dirt_path":2,"minecraft:iron_bars":2,"minecraft:stripped_mangrove_wood":1,"minecraft:player_head":2,"minecraft:spruce_slab":7,"minecraft:soul_lantern":2,"minecraft:powder_snow":3,"minecraft:torch":15,"minecraft:note_block":14,"minecraft:jungle_stairs":1,"minecraft:blast_furnace":7,"minecraft:calcite":7,"minecraft:melon":1,"minecraft:chest":2,"minecraft:nether_brick_slab":6,"minecraft:cobblestone":120,"minecraft:white_candle":2,"minecraft:cyan_bed":4,"minecraft:wall_torch":19,"minecraft:seagrass":2,"minecraft:chain":2,"minecraft:repeater":17,"minecraft:blue_ice":4,"minecraft:jukebox":1,"minecraft:light_gray_wool":1,"minecraft:grass":13,"minecraft:oak_log":6,"minecraft:sand":44,"minecraft:dirt":133,"minecraft:potted_red_tulip":1,"minecraft:oak_leaves":1,"minecraft:cyan_candle":1,"minecraft:deepslate":3,"minecraft:redstone_lamp":31,"minecraft:quartz_stairs":1,"gravestone:gravestone":1,"minecraft:stone_button":1,"minecraft:spruce_fence":2,"minecraft:redstone_wire":16,"minecraft:soul_campfire":4,"minecraft:spruce_leaves":9,"minecraft:sandstone":1,"minecraft:hay_block":30,"minecraft:black_stained_glass_pane":2,"minecraft:dark_oak_fence_gate":1,"minecraft:andesite":2,"minecraft:stripped_spruce_log":3,"minecraft:vine":2,"minecraft:stone":2048,"minecraft:bone_block":23,"minecraft:redstone_wall_torch":3,"minecraft:redstone_block":1,"minecraft:glass_pane":1,"minecraft:comparator":1,"minecraft:snow_block":46,"minecraft:crafting_table":3,"minecraft:lime_carpet":64,"minecraft:campfire":1,"minecraft:copper_ore":16,"minecraft:lapis_ore":1,"minecraft:diorite":112,"minecraft:blue_bed":6,"minecraft:beehive":4,"minecraft:sweet_berry_bush":1,"minecraft:spruce_log":9,"weeping_angels:kontron_ore":14,"minecraft:mangrove_slab":2,"minecraft:coal_ore":7,"minecraft:gravel":90,"minecraft:dripstone_block":1,"minecraft:cobweb":14,"minecraft:stone_bricks":50,"minecraft:jungle_wall_sign":1}},"DataVersion":3465}