{"stats":{"minecraft:custom":{"minecraft:mob_kills":23,"minecraft:interact_with_crafting_table":35,"minecraft:eat_cake_slice":2,"minecraft:time_since_death":148938,"minecraft:sprint_one_cm":323037,"minecraft:walk_one_cm":316939,"minecraft:drop":95,"minecraft:talked_to_villager":45,"minecraft:play_time":148938,"minecraft:sneak_time":4295,"minecraft:walk_under_water_one_cm":2269,"minecraft:jump":2234,"minecraft:walk_on_water_one_cm":8724,"minecraft:total_world_time":148938,"minecraft:interact_with_furnace":19,"minecraft:sleep_in_bed":4,"minecraft:time_since_rest":13392,"minecraft:damage_taken":1742,"minecraft:damage_dealt":3656,"minecraft:swim_one_cm":363,"minecraft:fly_one_cm":337728,"minecraft:open_chest":38,"minecraft:crouch_one_cm":6481,"minecraft:interact_with_smoker":4,"minecraft:fall_one_cm":64630},"minecraft:killed":{"weeping_angels:weeping_angel":3,"minecraft:spider":3,"minecraft:skeleton":1,"minecraft:chicken":1,"minecraft:pig":1,"minecraft:sheep":10,"minecraft:zombie":2},"minecraft:mined":{"minecraft:dark_oak_planks":1,"minecraft:cobblestone_stairs":3,"minecraft:granite":2,"minecraft:stone_button":1,"minecraft:grass_block":3,"minecraft:spruce_fence":2,"minecraft:redstone_wire":8,"minecraft:hay_block":30,"minecraft:iron_ore":1,"minecraft:dark_oak_fence_gate":1,"minecraft:andesite":2,"minecraft:stripped_spruce_log":3,"minecraft:dark_oak_stairs":3,"minecraft:pointed_dripstone":1,"minecraft:dirt_path":1,"minecraft:stone":379,"minecraft:redstone_wall_torch":1,"minecraft:redstone_block":1,"minecraft:glass_pane":1,"minecraft:comparator":1,"minecraft:soul_lantern":2,"minecraft:crafting_table":1,"minecraft:melon":1,"minecraft:chest":2,"minecraft:lime_carpet":44,"minecraft:campfire":1,"minecraft:copper_ore":13,"minecraft:cobblestone":27,"minecraft:blue_bed":2,"minecraft:seagrass":2,"minecraft:repeater":2,"minecraft:spruce_log":9,"weeping_angels:kontron_ore":9,"minecraft:light_gray_wool":1,"minecraft:grass":13,"minecraft:coal_ore":2,"minecraft:dirt":2,"minecraft:sand":44,"minecraft:dripstone_block":1,"minecraft:cobweb":14,"minecraft:deepslate":3},"minecraft:picked_up":{"minecraft:charcoal":4,"minecraft:crafting_table":1,"minecraft:redstone_block":1,"minecraft:chicken":1,"gravestone:obituary":2,"minecraft:string":4,"minecraft:raw_copper":64,"minecraft:item_frame":5,"minecraft:spruce_planks":1,"minecraft:beef":1,"minecraft:light_gray_wool":3,"minecraft:chest":2,"minecraft:raw_iron":19,"minecraft:porkchop":3,"minecraft:stone_button":2,"minecraft:redstone":8,"minecraft:dark_oak_planks":1,"minecraft:lime_carpet":43,"minecraft:rotten_flesh":4,"minecraft:beetroot_seeds":14,"minecraft:hay_block":29,"minecraft:gold_ingot":1,"minecraft:mutton":17,"minecraft:cobblestone":1199,"minecraft:snowball":49,"minecraft:white_wool":8,"minecraft:feather":2,"minecraft:repeater":2,"minecraft:andesite":3,"minecraft:leather":4,"minecraft:potato":24,"minecraft:gunpowder":2,"minecraft:cobblestone_stairs":3,"minecraft:blue_bed":2,"minecraft:dirt":5,"weeping_angels:kontron_ingot":18,"minecraft:cooked_mutton":2,"minecraft:bone":7,"minecraft:glass":43,"minecraft:iron_ingot":4,"minecraft:dark_oak_stairs":4,"minecraft:dripstone_block":1,"minecraft:sand":43,"minecraft:stripped_spruce_log":2,"minecraft:spruce_log":7,"minecraft:mossy_cobblestone":1,"travelersbackpack:white_sleeping_bag":1,"travelersbackpack:standard":2,"minecraft:soul_lantern":2,"minecraft:writable_book":1,"minecraft:emerald":4,"minecraft:bread":6,"minecraft:baked_potato":50,"minecraft:coal":28},"minecraft:crafted":{"travelersbackpack:hose_nozzle":1,"minecraft:furnace":1,"minecraft:cobblestone_stairs":256,"minecraft:stone":35,"travelersbackpack:white_sleeping_bag":2,"minecraft:stone_pickaxe":1,"minecraft:chest":2,"minecraft:wheat":261,"minecraft:crafting_table":2,"minecraft:spruce_planks":36,"travelersbackpack:backpack_tank":5,"minecraft:wooden_pickaxe":1,"travelersbackpack:standard":2,"minecraft:stone_axe":1,"minecraft:bread":87,"minecraft:air":0,"minecraft:stick":56,"minecraft:iron_ingot":14,"minecraft:iron_pickaxe":2,"minecraft:stone_sword":1},"minecraft:used":{"minecraft:writable_book":1,"minecraft:stone_sword":24,"minecraft:spruce_planks":4,"minecraft:chest":2,"minecraft:stone":8,"minecraft:rotten_flesh":2,"minecraft:dirt":4,"minecraft:snowball":5,"minecraft:item_frame":3,"minecraft:light_gray_wool":1,"minecraft:furnace":1,"minecraft:potato":22,"minecraft:cooked_mutton":2,"minecraft:cobblestone_stairs":91,"minecraft:snow_block":3,"minecraft:stone_pickaxe":87,"minecraft:baked_potato":1,"minecraft:wooden_pickaxe":4,"minecraft:blue_bed":1,"minecraft:crafting_table":3,"minecraft:apple":6,"minecraft:bread":33,"minecraft:iron_pickaxe":381,"minecraft:stone_axe":41,"minecraft:cobblestone":50,"travelersbackpack:standard":5},"minecraft:broken":{"minecraft:stone_pickaxe":1,"minecraft:iron_pickaxe":1},"minecraft:dropped":{"minecraft:iron_ingot":4,"minecraft:bread":44,"minecraft:dark_oak_stairs":4,"minecraft:mossy_cobblestone":1,"minecraft:diamond":2,"minecraft:dripstone_block":1,"minecraft:apple":3,"travelersbackpack:standard":3,"minecraft:stick":2,"minecraft:dirt":1,"minecraft:stone_button":2,"minecraft:snowball":65,"gravestone:obituary":1,"minecraft:writable_book":1,"minecraft:dark_oak_planks":1,"minecraft:blue_bed":1,"minecraft:redstone":8,"minecraft:snow_block":1,"minecraft:raw_copper":38,"minecraft:rotten_flesh":2,"minecraft:light_gray_wool":1,"minecraft:potato":25,"travelersbackpack:white_sleeping_bag":1,"minecraft:iron_chestplate":1,"minecraft:beetroot_seeds":14,"minecraft:blue_ice":1,"travelersbackpack:hose_nozzle":1,"minecraft:wooden_pickaxe":1}},"DataVersion":3465}