{"stats":{"minecraft:custom":{"minecraft:mob_kills":55,"minecraft:open_barrel":6,"minecraft:interact_with_crafting_table":45,"minecraft:eat_cake_slice":4,"minecraft:time_since_death":54964,"minecraft:climb_one_cm":15608,"minecraft:sprint_one_cm":527862,"minecraft:walk_one_cm":603972,"minecraft:drop":131,"minecraft:play_noteblock":19,"minecraft:talked_to_villager":45,"minecraft:play_time":238938,"minecraft:deaths":1,"minecraft:sneak_time":7746,"minecraft:walk_under_water_one_cm":12804,"minecraft:boat_one_cm":72610,"minecraft:jump":3513,"minecraft:interact_with_blast_furnace":1,"minecraft:walk_on_water_one_cm":11090,"minecraft:total_world_time":238938,"minecraft:interact_with_furnace":25,"minecraft:tune_noteblock":19,"minecraft:sleep_in_bed":5,"minecraft:time_since_rest":55045,"minecraft:damage_absorbed":40,"minecraft:damage_taken":3254,"minecraft:damage_dealt":9061,"minecraft:swim_one_cm":15493,"minecraft:fly_one_cm":553659,"minecraft:open_chest":67,"minecraft:crouch_one_cm":13465,"minecraft:interact_with_smoker":7,"minecraft:fall_one_cm":104789},"minecraft:killed":{"weeping_angels:weeping_angel":4,"minecraft:spider":4,"minecraft:skeleton":4,"minecraft:chicken":1,"minecraft:husk":7,"minecraft:pig":2,"minecraft:salmon":13,"minecraft:sheep":10,"minecraft:zombie":3,"minecraft:cow":4},"minecraft:mined":{"minecraft:dark_oak_planks":3,"minecraft:waxed_cut_copper_slab":2,"minecraft:spruce_planks":1,"minecraft:quartz_stairs":1,"minecraft:jungle_slab":1,"minecraft:cobblestone_stairs":3,"minecraft:red_nether_bricks":1,"gravestone:gravestone":1,"minecraft:granite":6,"minecraft:deepslate_tile_wall":1,"minecraft:stone_button":1,"minecraft:grass_block":10,"minecraft:spruce_fence":2,"minecraft:redstone_wire":16,"minecraft:coal_block":1,"minecraft:soul_campfire":4,"minecraft:spruce_leaves":9,"minecraft:sandstone":1,"minecraft:spawner":2,"minecraft:black_stained_glass_pane":2,"minecraft:hay_block":30,"minecraft:dark_oak_trapdoor":1,"minecraft:iron_ore":1,"minecraft:fire":1,"minecraft:dark_oak_fence_gate":1,"minecraft:andesite":2,"minecraft:stripped_spruce_log":3,"minecraft:stripped_dark_oak_wood":1,"minecraft:dark_oak_stairs":3,"minecraft:pointed_dripstone":2,"minecraft:vine":2,"minecraft:dirt_path":1,"minecraft:iron_bars":2,"minecraft:stripped_mangrove_wood":1,"minecraft:stone":726,"minecraft:bone_block":23,"minecraft:player_head":2,"minecraft:redstone_wall_torch":1,"minecraft:redstone_block":1,"minecraft:glass_pane":1,"minecraft:comparator":1,"minecraft:snow_block":46,"minecraft:torch":1,"minecraft:soul_lantern":2,"minecraft:crafting_table":2,"minecraft:note_block":14,"minecraft:jungle_stairs":1,"minecraft:blast_furnace":7,"minecraft:calcite":7,"minecraft:melon":1,"minecraft:chest":2,"minecraft:lime_carpet":44,"minecraft:nether_brick_slab":6,"minecraft:campfire":1,"minecraft:copper_ore":15,"minecraft:cobblestone":52,"minecraft:white_candle":2,"minecraft:lapis_ore":1,"minecraft:cyan_bed":4,"minecraft:diorite":102,"minecraft:wall_torch":5,"minecraft:blue_bed":4,"minecraft:seagrass":2,"minecraft:repeater":17,"minecraft:beehive":4,"minecraft:sweet_berry_bush":1,"minecraft:blue_ice":4,"minecraft:jukebox":1,"minecraft:spruce_log":9,"weeping_angels:kontron_ore":9,"minecraft:light_gray_wool":1,"minecraft:mangrove_slab":2,"minecraft:grass":13,"minecraft:oak_log":6,"minecraft:coal_ore":6,"minecraft:gravel":56,"minecraft:dirt":13,"minecraft:sand":44,"minecraft:dripstone_block":1,"minecraft:cobweb":14,"minecraft:potted_red_tulip":1,"minecraft:cyan_candle":1,"minecraft:oak_leaves":1,"minecraft:jungle_wall_sign":1,"minecraft:deepslate":3,"minecraft:redstone_lamp":29},"minecraft:picked_up":{"minecraft:charcoal":4,"minecraft:crafting_table":2,"minecraft:redstone_block":1,"minecraft:chicken":1,"minecraft:redstone_lamp":30,"minecraft:stone_brick_stairs":1,"gravestone:obituary":3,"minecraft:soul_soil":4,"minecraft:string":4,"minecraft:dark_oak_trapdoor":2,"minecraft:raw_copper":68,"minecraft:item_frame":5,"minecraft:compass":1,"minecraft:spruce_planks":1,"minecraft:beef":9,"minecraft:player_head":2,"minecraft:oak_boat":2,"minecraft:calcite":1,"minecraft:light_gray_wool":3,"minecraft:quartz_stairs":1,"minecraft:chest":2,"minecraft:birch_sapling":1,"minecraft:stick":2,"minecraft:beehive":4,"minecraft:raw_iron":27,"minecraft:jukebox":1,"minecraft:torch":7,"minecraft:note_block":14,"minecraft:snow_block":5,"minecraft:porkchop":6,"minecraft:stone_button":2,"minecraft:diorite":100,"minecraft:redstone":16,"minecraft:jungle_sign":1,"minecraft:dark_oak_planks":1,"minecraft:arrow":3,"minecraft:lime_carpet":43,"minecraft:rotten_flesh":6,"minecraft:beetroot_seeds":14,"minecraft:jungle_stairs":1,"minecraft:hay_block":29,"minecraft:red_tulip":3,"minecraft:stripped_dark_oak_wood":2,"minecraft:gold_ingot":1,"minecraft:bone_block":20,"minecraft:mutton":17,"minecraft:cobblestone":1584,"minecraft:snowball":162,"minecraft:white_wool":8,"minecraft:birch_log":2,"minecraft:feather":2,"minecraft:repeater":19,"minecraft:salmon":11,"minecraft:andesite":3,"minecraft:golden_leggings":1,"minecraft:leather":9,"minecraft:potato":24,"minecraft:flint":5,"minecraft:oak_log":12,"minecraft:lapis_lazuli":38,"minecraft:gunpowder":2,"minecraft:cobblestone_stairs":3,"minecraft:blue_bed":4,"minecraft:dirt":22,"weeping_angels:kontron_ingot":18,"minecraft:cooked_mutton":2,"minecraft:bone":11,"minecraft:glass":43,"minecraft:iron_ingot":4,"minecraft:dark_oak_stairs":4,"minecraft:gravel":50,"minecraft:dripstone_block":1,"minecraft:sand":43,"minecraft:cyan_bed":1,"minecraft:stripped_spruce_log":2,"minecraft:blast_furnace":7,"minecraft:nether_brick_slab":5,"minecraft:spruce_log":7,"minecraft:jungle_slab":3,"minecraft:mossy_cobblestone":1,"travelersbackpack:white_sleeping_bag":1,"travelersbackpack:standard":3,"minecraft:white_candle":8,"minecraft:soul_lantern":2,"minecraft:writable_book":1,"minecraft:granite":4,"minecraft:golden_apple":1,"minecraft:spruce_sign":2,"minecraft:emerald":4,"minecraft:bread":6,"minecraft:baked_potato":50,"minecraft:oak_sapling":1,"minecraft:coal":28},"minecraft:killed_by":{"minecraft:husk":1},"minecraft:used":{"minecraft:writable_book":4,"minecraft:stone_sword":31,"minecraft:iron_shovel":131,"minecraft:oak_sign":1,"minecraft:spruce_planks":4,"minecraft:chest":10,"minecraft:stone":80,"minecraft:quartz_stairs":1,"minecraft:rotten_flesh":2,"minecraft:torch":19,"minecraft:dirt":9,"minecraft:nether_brick_slab":1,"minecraft:snowball":78,"minecraft:iron_axe":23,"minecraft:item_frame":3,"minecraft:light_gray_wool":1,"minecraft:furnace":1,"minecraft:potato":22,"minecraft:calcite":1,"minecraft:cooked_mutton":2,"minecraft:diorite":13,"minecraft:cobblestone_stairs":91,"minecraft:snow_block":4,"minecraft:stone_pickaxe":87,"minecraft:oak_planks":4,"minecraft:baked_potato":30,"minecraft:wooden_pickaxe":4,"minecraft:blue_bed":3,"minecraft:golden_apple":1,"anthropology_items__structures:hunters_machete":94,"minecraft:crafting_table":4,"minecraft:apple":6,"minecraft:bread":34,"minecraft:iron_pickaxe":1007,"minecraft:stone_axe":83,"minecraft:cobblestone":111,"travelersbackpack:standard":6,"minecraft:oak_boat":2},"minecraft:crafted":{"minecraft:oak_planks":24,"minecraft:oak_sign":3,"travelersbackpack:hose_nozzle":1,"minecraft:furnace":1,"minecraft:cobblestone_stairs":256,"minecraft:stone":89,"travelersbackpack:white_sleeping_bag":2,"minecraft:iron_axe":1,"minecraft:stone_pickaxe":1,"minecraft:chest":10,"minecraft:wheat":261,"minecraft:crafting_table":3,"minecraft:spruce_planks":36,"travelersbackpack:backpack_tank":5,"minecraft:wooden_pickaxe":1,"travelersbackpack:standard":2,"minecraft:cooked_salmon":4,"minecraft:stone_axe":1,"minecraft:bread":87,"minecraft:air":0,"minecraft:oak_boat":1,"minecraft:stick":56,"minecraft:iron_ingot":14,"minecraft:iron_pickaxe":4,"minecraft:snow_block":3,"minecraft:stone_sword":1,"minecraft:iron_shovel":1,"minecraft:torch":60},"minecraft:broken":{"minecraft:stone_pickaxe":1,"minecraft:stone_axe":1,"minecraft:iron_pickaxe":4},"minecraft:dropped":{"minecraft:iron_ingot":4,"minecraft:bread":44,"minecraft:dark_oak_stairs":4,"minecraft:baked_potato":7,"minecraft:mossy_cobblestone":1,"minecraft:diamond":2,"minecraft:dripstone_block":1,"minecraft:cobblestone":24,"minecraft:apple":3,"travelersbackpack:standard":3,"minecraft:item_frame":2,"minecraft:stick":2,"minecraft:jungle_slab":3,"minecraft:dirt":2,"minecraft:stone_button":2,"minecraft:repeater":2,"minecraft:dark_oak_trapdoor":2,"minecraft:snowball":81,"minecraft:jungle_sign":1,"gravestone:obituary":2,"minecraft:writable_book":1,"minecraft:dark_oak_planks":1,"minecraft:birch_log":2,"minecraft:blue_bed":1,"minecraft:redstone":8,"minecraft:snow_block":8,"minecraft:nether_brick_slab":4,"minecraft:raw_copper":38,"minecraft:jukebox":1,"minecraft:birch_sapling":1,"minecraft:rotten_flesh":2,"minecraft:light_gray_wool":1,"minecraft:filled_map":1,"minecraft:potato":25,"minecraft:gunpowder":2,"minecraft:charcoal":10,"travelersbackpack:white_sleeping_bag":1,"minecraft:iron_chestplate":1,"minecraft:beetroot_seeds":14,"minecraft:blue_ice":1,"minecraft:oak_sapling":1,"minecraft:golden_leggings":1,"travelersbackpack:hose_nozzle":1,"minecraft:wooden_pickaxe":1,"minecraft:red_tulip":2,"minecraft:stone_brick_stairs":1,"minecraft:cyan_bed":1}},"DataVersion":3465}