{"stats":{"minecraft:custom":{"minecraft:jump":55,"minecraft:time_since_rest":4938,"minecraft:damage_dealt":427,"minecraft:crouch_one_cm":579,"minecraft:sprint_one_cm":5524,"minecraft:play_time":4938,"minecraft:damage_taken":170,"minecraft:time_since_death":4938,"minecraft:walk_one_cm":11416,"minecraft:sneak_time":228,"minecraft:total_world_time":4938,"minecraft:mob_kills":2,"minecraft:fall_one_cm":836,"minecraft:fly_one_cm":9400},"minecraft:killed":{"minecraft:zombie":1},"minecraft:mined":{"minecraft:grass":11},"minecraft:picked_up":{"minecraft:rotten_flesh":2},"minecraft:used":{"minecraft:rotten_flesh":2}},"DataVersion":3465}