{"stats":{"minecraft:custom":{"minecraft:interact_with_furnace":16,"minecraft:mob_kills":17,"minecraft:tune_noteblock":4,"minecraft:interact_with_crafting_table":15,"minecraft:open_barrel":4,"minecraft:time_since_death":25369,"minecraft:leave_game":2,"minecraft:time_since_rest":25394,"minecraft:sprint_one_cm":152045,"minecraft:damage_taken":1386,"minecraft:walk_one_cm":133109,"minecraft:drop":33,"minecraft:damage_dealt":2761,"minecraft:play_noteblock":2,"minecraft:swim_one_cm":48703,"minecraft:fly_one_cm":89061,"minecraft:open_chest":2,"minecraft:crouch_one_cm":5127,"minecraft:play_time":63239,"minecraft:deaths":2,"minecraft:sneak_time":1642,"minecraft:walk_under_water_one_cm":7334,"minecraft:boat_one_cm":61223,"minecraft:jump":659,"minecraft:walk_on_water_one_cm":7354,"minecraft:total_world_time":63239,"minecraft:fall_one_cm":8727},"minecraft:killed":{"minecraft:pig":1,"minecraft:salmon":1,"minecraft:spider":1,"minecraft:creeper":2,"minecraft:sheep":8,"minecraft:zombie":3,"minecraft:chicken":1},"minecraft:mined":{"minecraft:torch":1,"minecraft:powder_snow":12,"minecraft:crafting_table":5,"minecraft:note_block":1,"gravestone:gravestone":1,"minecraft:grass_block":14,"minecraft:nether_brick_slab":2,"minecraft:tall_grass":1,"minecraft:cobblestone":3,"minecraft:copper_ore":4,"minecraft:spruce_leaves":11,"minecraft:sandstone":1,"minecraft:wall_torch":1,"minecraft:seagrass":1,"minecraft:furnace":3,"minecraft:birch_log":34,"minecraft:spruce_log":85,"anthropology_items__structures:limestone_brick":7,"minecraft:grass":7,"minecraft:oak_log":96,"minecraft:coal_ore":54,"minecraft:iron_bars":2,"minecraft:dirt":22,"minecraft:gray_carpet":1,"minecraft:stripped_mangrove_wood":1,"minecraft:stone":231,"minecraft:oak_leaves":1,"minecraft:fern":1},"minecraft:picked_up":{"minecraft:birch_log":34,"minecraft:crafting_table":5,"minecraft:chicken":1,"minecraft:salmon":1,"minecraft:brown_wool":2,"minecraft:potato":1,"minecraft:oak_log":96,"gravestone:obituary":2,"minecraft:string":2,"minecraft:gunpowder":1,"minecraft:dirt":40,"minecraft:raw_copper":12,"minecraft:bone":1,"minecraft:apple":3,"minecraft:gray_carpet":1,"minecraft:wheat_seeds":1,"minecraft:stone_pickaxe":1,"minecraft:oak_boat":2,"minecraft:moss_block":1,"minecraft:quartz_stairs":3,"minecraft:birch_sapling":23,"minecraft:oak_planks":3,"minecraft:furnace":3,"minecraft:stick":35,"minecraft:stripped_mangrove_wood":2,"minecraft:sandstone":1,"minecraft:torch":2,"minecraft:note_block":1,"minecraft:porkchop":2,"minecraft:spruce_sapling":43,"minecraft:nether_brick_slab":3,"minecraft:spruce_log":84,"minecraft:carrot":10,"minecraft:spider_eye":1,"minecraft:arrow":3,"minecraft:sandstone_stairs":3,"minecraft:mutton":13,"minecraft:oak_sapling":43,"anthropology_items__structures:limestone_brick":7,"minecraft:iron_bars":2,"minecraft:coal":56,"minecraft:white_wool":6,"minecraft:cobblestone":254},"minecraft:killed_by":{"minecraft:skeleton":1},"minecraft:crafted":{"minecraft:oak_planks":20,"minecraft:stone_shovel":2,"minecraft:cooked_porkchop":2,"minecraft:crafting_table":1,"minecraft:spruce_planks":16,"minecraft:cooked_chicken":1,"minecraft:wooden_pickaxe":1,"minecraft:furnace":1,"minecraft:birch_planks":20,"minecraft:stone_axe":5,"minecraft:cooked_mutton":13,"minecraft:air":0,"minecraft:oak_boat":1,"minecraft:stick":8,"minecraft:stone_pickaxe":4,"minecraft:stone_sword":1,"minecraft:white_bed":2,"minecraft:torch":16},"minecraft:used":{"minecraft:cooked_mutton":2,"minecraft:stone_sword":43,"minecraft:birch_planks":20,"minecraft:stone_shovel":8,"minecraft:stone_pickaxe":314,"minecraft:wooden_pickaxe":12,"minecraft:sandstone":1,"minecraft:cooked_chicken":1,"minecraft:salmon":1,"minecraft:torch":3,"minecraft:dirt":11,"minecraft:crafting_table":5,"minecraft:carrot":7,"minecraft:apple":3,"minecraft:birch_sapling":2,"minecraft:stone_axe":270,"minecraft:cobblestone":8,"minecraft:oak_sapling":8,"minecraft:furnace":3,"minecraft:cooked_porkchop":2,"minecraft:oak_boat":1},"minecraft:dropped":{"minecraft:note_block":1,"minecraft:moss_block":1,"minecraft:wheat_seeds":1,"minecraft:stripped_mangrove_wood":2,"minecraft:sandstone_stairs":3,"minecraft:birch_sapling":21,"minecraft:cobblestone":67,"minecraft:oak_planks":3,"minecraft:carrot":3,"minecraft:dirt":2,"anthropology_items__structures:limestone_brick":7,"minecraft:gunpowder":1,"minecraft:quartz_stairs":3,"minecraft:oak_sapling":35,"gravestone:obituary":4,"minecraft:spider_eye":1,"minecraft:iron_bars":2,"minecraft:arrow":3,"minecraft:wooden_pickaxe":1,"minecraft:string":2,"minecraft:gray_carpet":1,"minecraft:spruce_sapling":43,"minecraft:bone":1},"minecraft:broken":{"minecraft:stone_pickaxe":3,"minecraft:stone_axe":1}},"DataVersion":3465}