{"stats":{"minecraft:custom":{"minecraft:interact_with_furnace":5,"minecraft:mob_kills":3,"minecraft:interact_with_crafting_table":10,"minecraft:open_barrel":4,"minecraft:time_since_death":1369,"minecraft:leave_game":2,"minecraft:time_since_rest":1394,"minecraft:sprint_one_cm":103066,"minecraft:damage_taken":996,"minecraft:walk_one_cm":84448,"minecraft:drop":8,"minecraft:damage_dealt":1193,"minecraft:swim_one_cm":11821,"minecraft:fly_one_cm":62330,"minecraft:open_chest":1,"minecraft:crouch_one_cm":5008,"minecraft:play_time":39239,"minecraft:deaths":2,"minecraft:sneak_time":1540,"minecraft:walk_under_water_one_cm":2799,"minecraft:boat_one_cm":61223,"minecraft:jump":435,"minecraft:walk_on_water_one_cm":1327,"minecraft:total_world_time":39239,"minecraft:fall_one_cm":7198},"minecraft:killed":{"minecraft:pig":1,"minecraft:creeper":1,"minecraft:zombie":1},"minecraft:mined":{"minecraft:powder_snow":12,"minecraft:crafting_table":3,"minecraft:grass_block":9,"minecraft:copper_ore":3,"minecraft:spruce_leaves":11,"minecraft:sandstone":1,"minecraft:furnace":1,"minecraft:birch_log":5,"minecraft:spruce_log":85,"minecraft:grass":3,"minecraft:oak_log":26,"minecraft:coal_ore":37,"minecraft:iron_bars":2,"minecraft:dirt":7,"minecraft:stripped_mangrove_wood":1,"minecraft:stone":134,"minecraft:oak_leaves":1,"minecraft:fern":1},"minecraft:picked_up":{"minecraft:birch_log":5,"minecraft:crafting_table":3,"minecraft:oak_log":26,"minecraft:gunpowder":1,"minecraft:dirt":21,"minecraft:raw_copper":8,"minecraft:bone":1,"minecraft:apple":1,"minecraft:oak_boat":2,"minecraft:quartz_stairs":1,"minecraft:birch_sapling":2,"minecraft:furnace":1,"minecraft:stick":17,"minecraft:stripped_mangrove_wood":2,"minecraft:sandstone":1,"minecraft:porkchop":2,"minecraft:spruce_sapling":35,"minecraft:spruce_log":84,"minecraft:carrot":10,"minecraft:oak_sapling":8,"minecraft:iron_bars":2,"minecraft:coal":39,"minecraft:cobblestone":95},"minecraft:killed_by":{"minecraft:skeleton":1},"minecraft:used":{"minecraft:stone_sword":6,"minecraft:birch_planks":15,"minecraft:stone_pickaxe":174,"minecraft:wooden_pickaxe":12,"minecraft:torch":1,"minecraft:dirt":10,"minecraft:crafting_table":3,"minecraft:carrot":7,"minecraft:apple":1,"minecraft:stone_axe":149,"minecraft:cobblestone":1,"minecraft:furnace":1,"minecraft:cooked_porkchop":2,"minecraft:oak_boat":1},"minecraft:crafted":{"minecraft:oak_planks":20,"minecraft:cooked_porkchop":2,"minecraft:crafting_table":1,"minecraft:wooden_pickaxe":1,"minecraft:furnace":1,"minecraft:birch_planks":20,"minecraft:stone_axe":2,"minecraft:air":0,"minecraft:oak_boat":1,"minecraft:stick":4,"minecraft:stone_pickaxe":4,"minecraft:stone_sword":1,"minecraft:torch":16},"minecraft:dropped":{"minecraft:carrot":3,"minecraft:dirt":2,"gravestone:obituary":1,"minecraft:wooden_pickaxe":1,"minecraft:bone":1},"minecraft:broken":{"minecraft:stone_pickaxe":1,"minecraft:stone_axe":1}},"DataVersion":3465}