{"stats":{"minecraft:custom":{"minecraft:interact_with_furnace":5,"minecraft:mob_kills":6,"minecraft:tune_noteblock":4,"minecraft:interact_with_crafting_table":10,"minecraft:open_barrel":4,"minecraft:time_since_death":13369,"minecraft:leave_game":2,"minecraft:time_since_rest":13394,"minecraft:sprint_one_cm":113426,"minecraft:damage_taken":1166,"minecraft:walk_one_cm":112788,"minecraft:drop":11,"minecraft:damage_dealt":1649,"minecraft:play_noteblock":2,"minecraft:swim_one_cm":44628,"minecraft:fly_one_cm":67012,"minecraft:open_chest":2,"minecraft:crouch_one_cm":5127,"minecraft:play_time":51239,"minecraft:deaths":2,"minecraft:sneak_time":1637,"minecraft:walk_under_water_one_cm":6811,"minecraft:boat_one_cm":61223,"minecraft:jump":523,"minecraft:walk_on_water_one_cm":6698,"minecraft:total_world_time":51239,"minecraft:fall_one_cm":7891},"minecraft:killed":{"minecraft:pig":1,"minecraft:salmon":1,"minecraft:creeper":1,"minecraft:zombie":3},"minecraft:mined":{"minecraft:powder_snow":12,"minecraft:crafting_table":3,"minecraft:note_block":1,"gravestone:gravestone":1,"minecraft:grass_block":11,"minecraft:nether_brick_slab":2,"minecraft:cobblestone":3,"minecraft:copper_ore":4,"minecraft:spruce_leaves":11,"minecraft:sandstone":1,"minecraft:wall_torch":1,"minecraft:seagrass":1,"minecraft:furnace":1,"minecraft:birch_log":5,"minecraft:spruce_log":85,"minecraft:grass":4,"minecraft:oak_log":57,"minecraft:coal_ore":54,"minecraft:iron_bars":2,"minecraft:dirt":16,"minecraft:gray_carpet":1,"minecraft:stripped_mangrove_wood":1,"minecraft:stone":203,"minecraft:oak_leaves":1,"minecraft:fern":1},"minecraft:picked_up":{"minecraft:birch_log":5,"minecraft:crafting_table":3,"minecraft:salmon":1,"minecraft:potato":1,"minecraft:oak_log":55,"gravestone:obituary":2,"minecraft:gunpowder":1,"minecraft:dirt":31,"minecraft:raw_copper":12,"minecraft:bone":1,"minecraft:apple":2,"minecraft:gray_carpet":1,"minecraft:stone_pickaxe":1,"minecraft:oak_boat":2,"minecraft:moss_block":1,"minecraft:quartz_stairs":3,"minecraft:birch_sapling":2,"minecraft:furnace":1,"minecraft:stick":23,"minecraft:stripped_mangrove_wood":2,"minecraft:sandstone":1,"minecraft:torch":1,"minecraft:note_block":1,"minecraft:porkchop":2,"minecraft:spruce_sapling":43,"minecraft:nether_brick_slab":3,"minecraft:spruce_log":84,"minecraft:carrot":10,"minecraft:arrow":3,"minecraft:sandstone_stairs":3,"minecraft:oak_sapling":27,"minecraft:iron_bars":2,"minecraft:coal":56,"minecraft:cobblestone":231},"minecraft:killed_by":{"minecraft:skeleton":1},"minecraft:used":{"minecraft:stone_sword":17,"minecraft:birch_planks":20,"minecraft:stone_pickaxe":276,"minecraft:wooden_pickaxe":12,"minecraft:sandstone":1,"minecraft:salmon":1,"minecraft:torch":2,"minecraft:dirt":11,"minecraft:crafting_table":3,"minecraft:carrot":7,"minecraft:apple":2,"minecraft:birch_sapling":2,"minecraft:stone_axe":182,"minecraft:cobblestone":8,"minecraft:oak_sapling":8,"minecraft:furnace":1,"minecraft:cooked_porkchop":2,"minecraft:oak_boat":1},"minecraft:crafted":{"minecraft:oak_planks":20,"minecraft:cooked_porkchop":2,"minecraft:crafting_table":1,"minecraft:wooden_pickaxe":1,"minecraft:furnace":1,"minecraft:birch_planks":20,"minecraft:stone_axe":2,"minecraft:air":0,"minecraft:oak_boat":1,"minecraft:stick":4,"minecraft:stone_pickaxe":4,"minecraft:stone_sword":1,"minecraft:torch":16},"minecraft:dropped":{"minecraft:moss_block":1,"minecraft:carrot":3,"minecraft:dirt":2,"gravestone:obituary":2,"minecraft:wooden_pickaxe":1,"minecraft:gray_carpet":1,"minecraft:bone":1},"minecraft:broken":{"minecraft:stone_pickaxe":3,"minecraft:stone_axe":1}},"DataVersion":3465}