{"stats":{"minecraft:broken":{"minecraft:stone_pickaxe":3,"minecraft:stone_axe":1},"minecraft:crafted":{"minecraft:oak_planks":268,"minecraft:stone_shovel":2,"minecraft:cooked_porkchop":2,"minecraft:crafting_table":1,"minecraft:spruce_planks":16,"minecraft:wooden_pickaxe":1,"minecraft:cooked_chicken":1,"minecraft:furnace":1,"minecraft:birch_planks":20,"minecraft:stone_axe":5,"minecraft:cooked_mutton":13,"minecraft:air":0,"minecraft:oak_boat":1,"minecraft:stick":8,"minecraft:stone_pickaxe":4,"minecraft:chest":4,"minecraft:stone_sword":1,"minecraft:white_bed":2,"minecraft:torch":16},"minecraft:custom":{"minecraft:interact_with_furnace":16,"minecraft:mob_kills":18,"minecraft:interact_with_crafting_table":18,"minecraft:open_barrel":8,"minecraft:tune_noteblock":4,"minecraft:leave_game":4,"minecraft:time_since_death":36141,"minecraft:sleep_in_bed":1,"minecraft:time_since_rest":9058,"minecraft:sprint_one_cm":167829,"minecraft:damage_taken":1516,"minecraft:walk_one_cm":157091,"minecraft:drop":39,"minecraft:damage_dealt":2914,"minecraft:play_noteblock":2,"minecraft:swim_one_cm":48703,"minecraft:fly_one_cm":96343,"minecraft:open_chest":9,"minecraft:crouch_one_cm":5412,"minecraft:play_time":74011,"minecraft:deaths":2,"minecraft:sneak_time":1716,"minecraft:walk_under_water_one_cm":7334,"minecraft:boat_one_cm":61223,"minecraft:jump":697,"minecraft:walk_on_water_one_cm":7354,"minecraft:fall_one_cm":9743,"minecraft:total_world_time":74011},"minecraft:killed":{"minecraft:pig":1,"minecraft:salmon":1,"minecraft:spider":1,"minecraft:creeper":2,"mysticsbiomes:rainbow_chicken":1,"minecraft:sheep":8,"minecraft:zombie":3,"minecraft:chicken":1},"minecraft:killed_by":{"minecraft:skeleton":1},"minecraft:dropped":{"minecraft:note_block":1,"minecraft:moss_block":1,"minecraft:stripped_mangrove_wood":2,"minecraft:wheat_seeds":1,"minecraft:oak_log":19,"minecraft:birch_sapling":21,"minecraft:sandstone_stairs":3,"minecraft:feather":4,"minecraft:cobblestone":67,"minecraft:oak_planks":3,"minecraft:carrot":3,"minecraft:dirt":2,"anthropology_items__structures:limestone_brick":7,"mysticsbiomes:lime_egg":1,"minecraft:gunpowder":1,"minecraft:quartz_stairs":3,"minecraft:oak_sapling":35,"gravestone:obituary":4,"minecraft:spider_eye":1,"minecraft:iron_bars":4,"minecraft:arrow":3,"minecraft:wooden_pickaxe":1,"minecraft:string":2,"minecraft:gray_carpet":1,"minecraft:spruce_sapling":43,"minecraft:bone":1},"minecraft:used":{"minecraft:cooked_mutton":4,"minecraft:stone_sword":43,"minecraft:birch_planks":20,"minecraft:stone_pickaxe":316,"minecraft:stone_shovel":8,"minecraft:chest":4,"minecraft:cooked_chicken":1,"minecraft:wooden_pickaxe":12,"minecraft:sandstone":1,"minecraft:torch":5,"minecraft:salmon":1,"minecraft:dirt":11,"minecraft:crafting_table":6,"minecraft:carrot":7,"minecraft:white_bed":1,"minecraft:oak_log":2,"minecraft:apple":3,"minecraft:birch_sapling":2,"minecraft:stone_axe":274,"minecraft:cobblestone":8,"minecraft:furnace":3,"minecraft:oak_sapling":8,"minecraft:cooked_porkchop":2,"minecraft:oak_boat":1},"minecraft:picked_up":{"minecraft:birch_log":34,"minecraft:crafting_table":5,"minecraft:feather":4,"minecraft:chicken":2,"minecraft:salmon":1,"minecraft:brown_wool":2,"minecraft:brown_mushroom":4,"minecraft:potato":1,"minecraft:oak_log":96,"gravestone:obituary":2,"minecraft:gunpowder":1,"minecraft:dirt":40,"minecraft:string":2,"minecraft:raw_copper":12,"minecraft:bone":1,"minecraft:apple":3,"minecraft:gray_carpet":1,"minecraft:wheat_seeds":1,"minecraft:stone_pickaxe":1,"minecraft:oak_boat":2,"minecraft:moss_block":1,"minecraft:quartz_stairs":3,"minecraft:birch_sapling":23,"minecraft:oak_planks":3,"minecraft:furnace":3,"minecraft:stick":35,"minecraft:sandstone":1,"minecraft:stripped_mangrove_wood":2,"minecraft:torch":4,"minecraft:note_block":1,"mysticsbiomes:lime_egg":1,"minecraft:porkchop":2,"minecraft:white_bed":1,"minecraft:spruce_sapling":43,"minecraft:nether_brick_slab":3,"minecraft:spruce_log":84,"minecraft:carrot":10,"minecraft:spider_eye":1,"minecraft:arrow":3,"minecraft:sandstone_stairs":3,"minecraft:oak_sapling":43,"anthropology_items__structures:limestone_brick":7,"minecraft:mutton":13,"minecraft:iron_bars":6,"minecraft:coal":56,"minecraft:white_wool":6,"minecraft:cobblestone":254},"minecraft:mined":{"minecraft:white_bed":1,"minecraft:powder_snow":12,"minecraft:note_block":1,"minecraft:crafting_table":5,"minecraft:torch":3,"gravestone:gravestone":1,"minecraft:grass_block":14,"minecraft:nether_brick_slab":2,"minecraft:copper_ore":4,"minecraft:tall_grass":1,"minecraft:cobblestone":3,"minecraft:spruce_leaves":11,"minecraft:sandstone":1,"minecraft:wall_torch":1,"minecraft:seagrass":1,"minecraft:furnace":3,"minecraft:birch_log":34,"minecraft:spruce_log":85,"minecraft:grass":7,"anthropology_items__structures:limestone_brick":7,"minecraft:coal_ore":54,"minecraft:oak_log":96,"minecraft:iron_bars":4,"minecraft:dirt":22,"minecraft:gray_carpet":1,"minecraft:stripped_mangrove_wood":1,"minecraft:stone":231,"minecraft:oak_leaves":1,"minecraft:fern":1}},"DataVersion":3465}