{
  "morevillagers:root": {
    "criteria": {
      "always": "2024-07-09 10:24:18 +0000"
    },
    "done": true
  },
  "minecraft:recipes/decorations/crafting_table": {
    "criteria": {
      "unlock_right_away": "2024-07-09 10:24:18 +0000"
    },
    "done": true
  },
  "dungeons_arise:wda_root": {
    "criteria": {
      "WDA": "2024-07-09 10:24:18 +0000"
    },
    "done": true
  },
  "minecraft:adventure/adventuring_time": {
    "criteria": {
      "minecraft:snowy_slopes": "2024-07-09 10:37:26 +0000",
      "minecraft:river": "2024-07-09 10:53:57 +0000",
      "minecraft:snowy_plains": "2024-07-09 10:37:19 +0000",
      "minecraft:snowy_taiga": "2024-07-09 10:37:20 +0000",
      "minecraft:grove": "2024-07-09 10:37:22 +0000",
      "minecraft:forest": "2024-07-09 10:32:28 +0000",
      "minecraft:meadow": "2024-07-09 11:00:36 +0000",
      "minecraft:plains": "2024-07-09 10:24:19 +0000"
    },
    "done": false
  },
  "furnitura:recipes/misc/wooden_couch_edge_gray": {
    "criteria": {
      "has_oak_planks": "2024-07-09 10:32:58 +0000"
    },
    "done": true
  },
  "minecraft:recipes/redstone/lever": {
    "criteria": {
      "has_cobblestone": "2024-07-09 10:35:09 +0000"
    },
    "done": true
  },
  "travelersbackpack:recipes/misc/bee": {
    "criteria": {
      "has_honey_bottle": "2024-07-09 11:14:33 +0000"
    },
    "done": true
  },
  "furnitura:recipes/misc/couch_extenders_light_blue": {
    "criteria": {
      "has_oak_planks": "2024-07-09 10:32:58 +0000"
    },
    "done": true
  },
  "minecraft:recipes/combat/leather_helmet": {
    "criteria": {
      "has_leather": "2024-07-09 11:28:42 +0000"
    },
    "done": true
  },
  "minecraft:recipes/decorations/ladder": {
    "criteria": {
      "has_stick": "2024-07-09 10:33:11 +0000"
    },
    "done": true
  },
  "furnitura:recipes/misc/wooden_couch_edge_green": {
    "criteria": {
      "has_oak_planks": "2024-07-09 10:32:58 +0000"
    },
    "done": true
  },
  "minecraft:recipes/combat/iron_leggings": {
    "criteria": {
      "has_iron_ingot": "2024-07-09 11:19:32 +0000"
    },
    "done": true
  },
  "mutantmonsters:root": {
    "criteria": {
      "killed_something": "2024-07-09 10:40:48 +0000"
    },
    "done": true
  },
  "furnitura:recipes/misc/couch_extenders_blue": {
    "criteria": {
      "has_oak_planks": "2024-07-09 10:32:58 +0000"
    },
    "done": true
  },
  "minecraft:recipes/building_blocks/coarse_dirt": {
    "criteria": {
      "has_gravel": "2024-07-09 10:45:57 +0000"
    },
    "done": true
  },
  "minecraft:recipes/building_blocks/light_gray_concrete_powder": {
    "criteria": {
      "has_gravel": "2024-07-09 10:45:57 +0000"
    },
    "done": true
  },
  "minecraft:recipes/combat/leather_leggings": {
    "criteria": {
      "has_leather": "2024-07-09 11:28:42 +0000"
    },
    "done": true
  },
  "travelersbackpack:recipes/misc/coal": {
    "criteria": {
      "has_coal": "2024-07-09 10:50:15 +0000"
    },
    "done": true
  },
  "minecraft:recipes/building_blocks/pink_concrete_powder": {
    "criteria": {
      "has_gravel": "2024-07-09 10:45:57 +0000"
    },
    "done": true
  },
  "minecraft:recipes/building_blocks/sandstone_slab": {
    "criteria": {
      "has_sandstone": "2024-07-09 10:56:01 +0000"
    },
    "done": true
  },
  "furnitura:recipes/misc/large_couch_single_black": {
    "criteria": {
      "has_oak_planks": "2024-07-09 10:32:58 +0000"
    },
    "done": true
  },
  "furnitura:recipes/misc/wooden_couch_end_gray": {
    "criteria": {
      "has_oak_planks": "2024-07-09 10:32:58 +0000"
    },
    "done": true
  },
  "minecraft:recipes/decorations/fletching_table": {
    "criteria": {
      "has_flint": "2024-07-09 10:47:20 +0000"
    },
    "done": true
  },
  "minecraft:recipes/misc/iron_nugget_from_smelting": {
    "criteria": {
      "has_chainmail_boots": "2024-07-09 11:18:01 +0000"
    },
    "done": true
  },
  "minecraft:recipes/food/cooked_mutton_from_smoking": {
    "criteria": {
      "has_mutton": "2024-07-09 11:27:35 +0000"
    },
    "done": true
  },
  "furnitura:recipes/misc/wooden_couch_edge_red": {
    "criteria": {
      "has_oak_planks": "2024-07-09 10:32:58 +0000"
    },
    "done": true
  },
  "furnitura:recipes/misc/couch_extenders_lime": {
    "criteria": {
      "has_oak_planks": "2024-07-09 10:32:58 +0000"
    },
    "done": true
  },
  "minecraft:recipes/food/baked_potato_from_campfire_cooking": {
    "criteria": {
      "has_potato": "2024-07-09 10:56:13 +0000"
    },
    "done": true
  },
  "furnitura:recipes/misc/single_cussion_black": {
    "criteria": {
      "has_oak_planks": "2024-07-09 10:32:58 +0000"
    },
    "done": true
  },
  "minecraft:recipes/building_blocks/bookshelf": {
    "criteria": {
      "has_book": "2024-07-09 11:09:22 +0000"
    },
    "done": true
  },
  "morevillagers:recipes/hunting_post": {
    "criteria": {
      "has_arrow": "2024-07-09 10:57:08 +0000"
    },
    "done": true
  },
  "furnitura:recipes/misc/wooden_couch_edge_right_purple": {
    "criteria": {
      "has_oak_planks": "2024-07-09 10:32:58 +0000"
    },
    "done": true
  },
  "minecraft:recipes/combat/iron_chestplate": {
    "criteria": {
      "has_iron_ingot": "2024-07-09 11:19:32 +0000"
    },
    "done": true
  },
  "minecraft:recipes/decorations/oak_sign": {
    "criteria": {
      "has_planks": "2024-07-09 10:32:58 +0000"
    },
    "done": true
  },
  "furnitura:recipes/misc/wooden_couch_end_green": {
    "criteria": {
      "has_oak_planks": "2024-07-09 10:32:58 +0000"
    },
    "done": true
  },
  "minecraft:recipes/redstone/oak_trapdoor": {
    "criteria": {
      "has_planks": "2024-07-09 10:32:58 +0000"
    },
    "done": true
  },
  "furnitura:recipes/misc/oak_desk": {
    "criteria": {
      "has_oak_planks": "2024-07-09 10:32:58 +0000"
    },
    "done": true
  },
  "minecraft:recipes/building_blocks/red_concrete_powder": {
    "criteria": {
      "has_gravel": "2024-07-09 10:45:57 +0000"
    },
    "done": true
  },
  "minecraft:recipes/misc/book": {
    "criteria": {
      "has_paper": "2024-07-09 11:09:27 +0000"
    },
    "done": true
  },
  "minecraft:recipes/combat/stone_sword": {
    "criteria": {
      "has_cobblestone": "2024-07-09 10:35:09 +0000"
    },
    "done": true
  },
  "furnitura:recipes/misc/couch_single_red": {
    "criteria": {
      "has_oak_planks": "2024-07-09 10:32:58 +0000"
    },
    "done": true
  },
  "minecraft:recipes/decorations/cobblestone_wall": {
    "criteria": {
      "has_cobblestone": "2024-07-09 10:35:09 +0000"
    },
    "done": true
  },
  "furnitura:recipes/misc/wooden_couch_edge_right_yellow": {
    "criteria": {
      "has_oak_planks": "2024-07-09 10:32:58 +0000"
    },
    "done": true
  },
  "travelersbackpack:recipes/misc/backpack_tank": {
    "criteria": {
      "has_iron": "2024-07-09 11:19:32 +0000"
    },
    "done": true
  },
  "furnitura:recipes/misc/couch_extenders_red": {
    "criteria": {
      "has_oak_planks": "2024-07-09 10:32:58 +0000"
    },
    "done": true
  },
  "minecraft:recipes/building_blocks/polished_diorite": {
    "criteria": {
      "has_diorite": "2024-07-09 11:28:42 +0000"
    },
    "done": true
  },
  "furnitura:recipes/misc/oak_stool": {
    "criteria": {
      "has_oak_planks": "2024-07-09 10:32:58 +0000"
    },
    "done": true
  },
  "minecraft:recipes/tools/stone_axe": {
    "criteria": {
      "has_cobblestone": "2024-07-09 10:35:09 +0000"
    },
    "done": true
  },
  "minecraft:recipes/building_blocks/raw_iron_block": {
    "criteria": {
      "has_raw_iron": "2024-07-09 10:51:22 +0000"
    },
    "done": true
  },
  "furnitura:recipes/misc/oak_mailbox": {
    "criteria": {
      "has_oak_planks": "2024-07-09 10:32:58 +0000"
    },
    "done": true
  },
  "furnitura:recipes/misc/wooden_couch_end_purple": {
    "criteria": {
      "has_oak_planks": "2024-07-09 10:32:58 +0000"
    },
    "done": true
  },
  "minecraft:recipes/misc/iron_nugget": {
    "criteria": {
      "has_iron_ingot": "2024-07-09 11:19:32 +0000"
    },
    "done": true
  },
  "minecraft:recipes/building_blocks/brown_concrete_powder": {
    "criteria": {
      "has_gravel": "2024-07-09 10:45:57 +0000"
    },
    "done": true
  },
  "minecraft:recipes/misc/bucket": {
    "criteria": {
      "has_iron_ingot": "2024-07-09 11:19:32 +0000"
    },
    "done": true
  },
  "minecraft:recipes/building_blocks/diorite_slab": {
    "criteria": {
      "has_diorite": "2024-07-09 11:28:42 +0000"
    },
    "done": true
  },
  "minecraft:recipes/building_blocks/light_blue_concrete_powder": {
    "criteria": {
      "has_gravel": "2024-07-09 10:45:57 +0000"
    },
    "done": true
  },
  "minecraft:recipes/combat/iron_helmet": {
    "criteria": {
      "has_iron_ingot": "2024-07-09 11:19:32 +0000"
    },
    "done": true
  },
  "minecraft:recipes/combat/bow": {
    "criteria": {
      "has_string": "2024-07-09 11:28:42 +0000"
    },
    "done": true
  },
  "minecraft:recipes/building_blocks/smooth_sandstone": {
    "criteria": {
      "has_sandstone": "2024-07-09 10:56:01 +0000"
    },
    "done": true
  },
  "furnitura:recipes/misc/wooden_couch_single_light_blue": {
    "criteria": {
      "has_oak_planks": "2024-07-09 10:32:58 +0000"
    },
    "done": true
  },
  "weeping_angels:recipes/tools/chisel": {
    "criteria": {
      "has_stone": "2024-07-09 10:35:09 +0000"
    },
    "done": true
  },
  "minecraft:story/mine_stone": {
    "criteria": {
      "get_stone": "2024-07-09 10:35:09 +0000"
    },
    "done": true
  },
  "minecraft:recipes/decorations/furnace": {
    "criteria": {
      "has_cobblestone": "2024-07-09 10:35:09 +0000"
    },
    "done": true
  },
  "minecraft:recipes/transportation/minecart": {
    "criteria": {
      "has_iron_ingot": "2024-07-09 11:19:32 +0000"
    },
    "done": true
  },
  "furnitura:recipes/misc/oak_log_shelf": {
    "criteria": {
      "has_oak_planks": "2024-07-09 10:32:58 +0000"
    },
    "done": true
  },
  "minecraft:recipes/building_blocks/andesite_stairs": {
    "criteria": {
      "has_andesite": "2024-07-09 10:45:16 +0000"
    },
    "done": true
  },
  "minecraft:recipes/tools/iron_hoe": {
    "criteria": {
      "has_iron_ingot": "2024-07-09 11:19:32 +0000"
    },
    "done": true
  },
  "minecraft:recipes/building_blocks/green_concrete_powder": {
    "criteria": {
      "has_gravel": "2024-07-09 10:45:57 +0000"
    },
    "done": true
  },
  "minecraft:recipes/misc/bowl": {
    "criteria": {
      "has_mushroom_stew": "2024-07-09 10:58:26 +0000"
    },
    "done": true
  },
  "furnitura:recipes/misc/couch_extendors": {
    "criteria": {
      "has_oak_planks": "2024-07-09 10:32:58 +0000"
    },
    "done": true
  },
  "furnitura:recipes/misc/wooden_couch_edge_right_brown": {
    "criteria": {
      "has_oak_planks": "2024-07-09 10:32:58 +0000"
    },
    "done": true
  },
  "minecraft:recipes/food/baked_potato": {
    "criteria": {
      "has_potato": "2024-07-09 10:56:13 +0000"
    },
    "done": true
  },
  "furnitura:recipes/misc/wooden_couch_end_red": {
    "criteria": {
      "has_oak_planks": "2024-07-09 10:32:58 +0000"
    },
    "done": true
  },
  "minecraft:recipes/decorations/snow": {
    "criteria": {
      "has_snowball": "2024-07-09 10:39:58 +0000"
    },
    "done": true
  },
  "travelersbackpack:recipes/misc/sandstone": {
    "criteria": {
      "has_sandstone": "2024-07-09 10:56:01 +0000"
    },
    "done": true
  },
  "furnitura:recipes/misc/wooden_couch_edge_yellow": {
    "criteria": {
      "has_oak_planks": "2024-07-09 10:32:58 +0000"
    },
    "done": true
  },
  "minecraft:recipes/decorations/sandstone_wall_from_sandstone_stonecutting": {
    "criteria": {
      "has_sandstone": "2024-07-09 10:56:01 +0000"
    },
    "done": true
  },
  "minecraft:recipes/tools/wooden_axe": {
    "criteria": {
      "has_stick": "2024-07-09 10:33:11 +0000"
    },
    "done": true
  },
  "furnitura:recipes/misc/wooden_couch_single_white": {
    "criteria": {
      "has_oak_planks": "2024-07-09 10:32:58 +0000"
    },
    "done": true
  },
  "minecraft:recipes/decorations/painting": {
    "criteria": {
      "has_wool": "2024-07-09 11:27:35 +0000"
    },
    "done": true
  },
  "minecraft:recipes/combat/arrow": {
    "criteria": {
      "has_flint": "2024-07-09 10:47:20 +0000"
    },
    "done": true
  },
  "travelersbackpack:recipes/misc/creeper": {
    "criteria": {
      "has_gunpowder": "2024-07-09 11:28:42 +0000"
    },
    "done": true
  },
  "minecraft:recipes/building_blocks/blue_concrete_powder": {
    "criteria": {
      "has_gravel": "2024-07-09 10:45:57 +0000"
    },
    "done": true
  },
  "furnitura:recipes/misc/single_cushion_white": {
    "criteria": {
      "has_oak_planks": "2024-07-09 10:32:58 +0000"
    },
    "done": true
  },
  "furnitura:recipes/misc/wooden_couch_end_brown": {
    "criteria": {
      "has_oak_planks": "2024-07-09 10:32:58 +0000"
    },
    "done": true
  },
  "minecraft:recipes/building_blocks/cut_sandstone": {
    "criteria": {
      "has_sandstone": "2024-07-09 10:56:01 +0000"
    },
    "done": true
  },
  "weeping_angels:recipes/decorations/plinth": {
    "criteria": {
      "has_crafting_table": "2024-07-09 10:45:16 +0000"
    },
    "done": true
  },
  "minecraft:recipes/transportation/spruce_chest_boat": {
    "criteria": {
      "has_boat": "2024-07-09 10:53:31 +0000"
    },
    "done": true
  },
  "mysticsbiomes:recipes/transportation/jacaranda_boat": {
    "criteria": {
      "in_water": "2024-07-09 10:54:08 +0000"
    },
    "done": true
  },
  "minecraft:recipes/combat/leather_chestplate": {
    "criteria": {
      "has_leather": "2024-07-09 11:28:42 +0000"
    },
    "done": true
  },
  "furnitura:recipes/misc/wooden_couch_edge_light_blue": {
    "criteria": {
      "has_oak_planks": "2024-07-09 10:32:58 +0000"
    },
    "done": true
  },
  "mysticsbiomes:recipes/transportation/peach_boat": {
    "criteria": {
      "in_water": "2024-07-09 10:54:08 +0000"
    },
    "done": true
  },
  "minecraft:recipes/decorations/andesite_wall_from_andesite_stonecutting": {
    "criteria": {
      "has_andesite": "2024-07-09 10:45:16 +0000"
    },
    "done": true
  },
  "travelersbackpack:recipes/misc/crafting_upgrade": {
    "criteria": {
      "has_crafting_table": "2024-07-09 10:33:03 +0000"
    },
    "done": true
  },
  "minecraft:story/smelt_iron": {
    "criteria": {
      "iron": "2024-07-09 11:19:32 +0000"
    },
    "done": true
  },
  "minecraft:recipes/tools/fishing_rod": {
    "criteria": {
      "has_string": "2024-07-09 11:28:42 +0000"
    },
    "done": true
  },
  "minecraft:recipes/decorations/smoker": {
    "criteria": {
      "has_furnace": "2024-07-09 11:28:42 +0000"
    },
    "done": true
  },
  "minecraft:recipes/misc/map": {
    "criteria": {
      "has_compass": "2024-07-09 11:09:23 +0000"
    },
    "done": true
  },
  "minecraft:recipes/decorations/chest": {
    "criteria": {
      "has_lots_of_items": "2024-07-09 10:35:09 +0000"
    },
    "done": true
  },
  "minecraft:story/shiny_gear": {
    "criteria": {
      "diamond_helmet": "2024-07-09 11:18:08 +0000"
    },
    "done": true
  },
  "minecraft:recipes/tools/shears": {
    "criteria": {
      "has_iron_ingot": "2024-07-09 11:19:32 +0000"
    },
    "done": true
  },
  "minecraft:recipes/misc/stick": {
    "criteria": {
      "has_planks": "2024-07-09 10:32:58 +0000"
    },
    "done": true
  },
  "minecraft:recipes/building_blocks/mossy_cobblestone_stairs_from_mossy_cobblestone_stonecutting": {
    "criteria": {
      "has_mossy_cobblestone": "2024-07-09 11:01:29 +0000"
    },
    "done": true
  },
  "minecraft:recipes/transportation/jungle_chest_boat": {
    "criteria": {
      "has_boat": "2024-07-09 10:53:31 +0000"
    },
    "done": true
  },
  "travelersbackpack:recipes/misc/snow": {
    "criteria": {
      "has_snowball": "2024-07-09 10:39:58 +0000"
    },
    "done": true
  },
  "furnitura:recipes/misc/wooden_couch_edge_right_light_blue": {
    "criteria": {
      "has_oak_planks": "2024-07-09 10:32:58 +0000"
    },
    "done": true
  },
  "minecraft:recipes/tools/spyglass": {
    "criteria": {
      "has_amethyst_shard": "2024-07-09 11:19:31 +0000"
    },
    "done": true
  },
  "mysticsbiomes:recipes/transportation/sea_foam_boat": {
    "criteria": {
      "in_water": "2024-07-09 10:54:08 +0000"
    },
    "done": true
  },
  "minecraft:recipes/redstone/lectern": {
    "criteria": {
      "has_book": "2024-07-09 11:09:22 +0000"
    },
    "done": true
  },
  "minecraft:recipes/transportation/acacia_chest_boat": {
    "criteria": {
      "has_boat": "2024-07-09 10:53:31 +0000"
    },
    "done": true
  },
  "furnitura:recipes/misc/cussion_low": {
    "criteria": {
      "has_oak_planks": "2024-07-09 10:32:58 +0000"
    },
    "done": true
  },
  "minecraft:recipes/building_blocks/cobblestone_slab_from_cobblestone_stonecutting": {
    "criteria": {
      "has_cobblestone": "2024-07-09 10:35:09 +0000"
    },
    "done": true
  },
  "mysticsbiomes:recipes/transportation/cherry_boat": {
    "criteria": {
      "in_water": "2024-07-09 10:54:08 +0000"
    },
    "done": true
  },
  "minecraft:recipes/building_blocks/oak_stairs": {
    "criteria": {
      "has_planks": "2024-07-09 10:32:58 +0000"
    },
    "done": true
  },
  "minecraft:recipes/building_blocks/polished_andesite_slab_from_andesite_stonecutting": {
    "criteria": {
      "has_andesite": "2024-07-09 10:45:16 +0000"
    },
    "done": true
  },
  "furnitura:recipes/misc/couch_extenders_yellow": {
    "criteria": {
      "has_oak_planks": "2024-07-09 10:32:58 +0000"
    },
    "done": true
  },
  "minecraft:recipes/transportation/cherry_boat": {
    "criteria": {
      "in_water": "2024-07-09 10:54:08 +0000"
    },
    "done": true
  },
  "minecraft:recipes/building_blocks/white_concrete_powder": {
    "criteria": {
      "has_gravel": "2024-07-09 10:45:57 +0000"
    },
    "done": true
  },
  "minecraft:adventure/kill_all_mobs": {
    "criteria": {
      "minecraft:skeleton": "2024-07-09 10:57:29 +0000",
      "minecraft:husk": "2024-07-09 11:11:19 +0000",
      "minecraft:zombie": "2024-07-09 10:40:48 +0000"
    },
    "done": false
  },
  "minecraft:recipes/building_blocks/birch_wood": {
    "criteria": {
      "has_log": "2024-07-09 11:28:42 +0000"
    },
    "done": true
  },
  "minecraft:recipes/decorations/chain": {
    "criteria": {
      "has_iron_ingot": "2024-07-09 11:19:32 +0000"
    },
    "done": true
  },
  "minecraft:recipes/decorations/oak_fence": {
    "criteria": {
      "has_planks": "2024-07-09 10:32:58 +0000"
    },
    "done": true
  },
  "minecraft:recipes/building_blocks/chiseled_bookshelf": {
    "criteria": {
      "has_book": "2024-07-09 11:09:22 +0000"
    },
    "done": true
  },
  "minecraft:recipes/building_blocks/iron_block": {
    "criteria": {
      "has_iron_ingot": "2024-07-09 11:19:32 +0000"
    },
    "done": true
  },
  "furnitura:recipes/misc/blue_pet_bed": {
    "criteria": {
      "has_oak_planks": "2024-07-09 10:32:58 +0000"
    },
    "done": true
  },
  "minecraft:recipes/building_blocks/spruce_wood": {
    "criteria": {
      "has_log": "2024-07-09 10:37:29 +0000"
    },
    "done": true
  },
  "minecraft:recipes/transportation/mangrove_chest_boat": {
    "criteria": {
      "has_boat": "2024-07-09 10:53:31 +0000"
    },
    "done": true
  },
  "furnitura:recipes/misc/oak_table": {
    "criteria": {
      "has_oak_planks": "2024-07-09 10:32:58 +0000"
    },
    "done": true
  },
  "minecraft:recipes/redstone/tripwire_hook": {
    "criteria": {
      "has_string": "2024-07-09 11:28:42 +0000"
    },
    "done": true
  },
  "minecraft:recipes/misc/bone_meal": {
    "criteria": {
      "has_bone": "2024-07-09 10:29:11 +0000"
    },
    "done": true
  },
  "furnitura:recipes/misc/wooden_couch_edge_right_gray": {
    "criteria": {
      "has_oak_planks": "2024-07-09 10:32:58 +0000"
    },
    "done": true
  },
  "minecraft:recipes/building_blocks/sandstone_stairs_from_sandstone_stonecutting": {
    "criteria": {
      "has_sandstone": "2024-07-09 10:56:01 +0000"
    },
    "done": true
  },
  "travelersbackpack:recipes/misc/spider": {
    "criteria": {
      "has_string": "2024-07-09 11:28:42 +0000"
    },
    "done": true
  },
  "minecraft:recipes/decorations/diorite_wall": {
    "criteria": {
      "has_diorite": "2024-07-09 11:28:42 +0000"
    },
    "done": true
  },
  "furnitura:recipes/misc/wooden_couch_edge_lime": {
    "criteria": {
      "has_oak_planks": "2024-07-09 10:32:58 +0000"
    },
    "done": true
  },
  "minecraft:recipes/building_blocks/stone": {
    "criteria": {
      "has_cobblestone": "2024-07-09 10:35:09 +0000"
    },
    "done": true
  },
  "furnitura:recipes/misc/wooden_couch_single_green": {
    "criteria": {
      "has_oak_planks": "2024-07-09 10:32:58 +0000"
    },
    "done": true
  },
  "minecraft:recipes/transportation/bamboo_raft": {
    "criteria": {
      "in_water": "2024-07-09 10:54:08 +0000"
    },
    "done": true
  },
  "furnitura:recipes/misc/couch_extenders_cyan": {
    "criteria": {
      "has_oak_planks": "2024-07-09 10:32:58 +0000"
    },
    "done": true
  },
  "furnitura:recipes/misc/wooden_couch_edge_left_red": {
    "criteria": {
      "has_oak_planks": "2024-07-09 10:32:58 +0000"
    },
    "done": true
  },
  "minecraft:recipes/decorations/smithing_table": {
    "criteria": {
      "has_iron_ingot": "2024-07-09 11:19:32 +0000"
    },
    "done": true
  },
  "minecraft:recipes/misc/sugar_from_honey_bottle": {
    "criteria": {
      "has_honey_bottle": "2024-07-09 11:14:33 +0000"
    },
    "done": true
  },
  "travelersbackpack:recipes/decorations/white_sleeping_bag": {
    "criteria": {
      "has_white_wool": "2024-07-09 11:27:35 +0000"
    },
    "done": true
  },
  "furnitura:recipes/misc/couch_extenders_purple": {
    "criteria": {
      "has_oak_planks": "2024-07-09 10:32:58 +0000"
    },
    "done": true
  },
  "minecraft:recipes/misc/writable_book": {
    "criteria": {
      "has_book": "2024-07-09 11:09:22 +0000"
    },
    "done": true
  },
  "furnitura:recipes/misc/wooden_couch_end_light_blue": {
    "criteria": {
      "has_oak_planks": "2024-07-09 10:32:58 +0000"
    },
    "done": true
  },
  "furnitura:recipes/misc/wooden_couch_end_lime": {
    "criteria": {
      "has_oak_planks": "2024-07-09 10:32:58 +0000"
    },
    "done": true
  },
  "minecraft:recipes/redstone/honey_block": {
    "criteria": {
      "has_honey_bottle": "2024-07-09 11:14:33 +0000"
    },
    "done": true
  },
  "minecraft:recipes/decorations/candle": {
    "criteria": {
      "has_string": "2024-07-09 11:28:42 +0000"
    },
    "done": true
  },
  "minecraft:recipes/transportation/spruce_boat": {
    "criteria": {
      "in_water": "2024-07-09 10:54:08 +0000"
    },
    "done": true
  },
  "furnitura:recipes/misc/oak_stump": {
    "criteria": {
      "has_oak_planks": "2024-07-09 10:32:58 +0000"
    },
    "done": true
  },
  "furnitura:recipes/misc/couch_extenders_orange": {
    "criteria": {
      "has_oak_planks": "2024-07-09 10:32:58 +0000"
    },
    "done": true
  },
  "minecraft:recipes/misc/leather_horse_armor": {
    "criteria": {
      "has_leather": "2024-07-09 11:28:42 +0000"
    },
    "done": true
  },
  "minecraft:recipes/transportation/oak_chest_boat": {
    "criteria": {
      "has_boat": "2024-07-09 10:53:31 +0000"
    },
    "done": true
  },
  "furnitura:recipes/misc/wooden_couch_end_blue": {
    "criteria": {
      "has_oak_planks": "2024-07-09 10:32:58 +0000"
    },
    "done": true
  },
  "minecraft:husbandry/root": {
    "criteria": {
      "consumed_item": "2024-07-09 10:58:23 +0000"
    },
    "done": true
  },
  "minecraft:recipes/transportation/birch_boat": {
    "criteria": {
      "in_water": "2024-07-09 10:54:08 +0000"
    },
    "done": true
  },
  "furnitura:recipes/misc/wooden_couch_edge_right_green": {
    "criteria": {
      "has_oak_planks": "2024-07-09 10:32:58 +0000"
    },
    "done": true
  },
  "minecraft:recipes/decorations/white_carpet": {
    "criteria": {
      "has_white_wool": "2024-07-09 11:27:35 +0000"
    },
    "done": true
  },
  "minecraft:recipes/transportation/cherry_chest_boat": {
    "criteria": {
      "has_boat": "2024-07-09 10:53:31 +0000"
    },
    "done": true
  },
  "minecraft:recipes/transportation/birch_chest_boat": {
    "criteria": {
      "has_boat": "2024-07-09 10:53:31 +0000"
    },
    "done": true
  },
  "minecraft:recipes/transportation/oak_boat": {
    "criteria": {
      "has_the_recipe": "2024-07-09 10:53:29 +0000"
    },
    "done": true
  },
  "minecraft:recipes/misc/paper": {
    "criteria": {
      "has_reeds": "2024-07-09 11:28:42 +0000"
    },
    "done": true
  },
  "furnitura:recipes/misc/wooden_couch_edge_right_white": {
    "criteria": {
      "has_oak_planks": "2024-07-09 10:32:58 +0000"
    },
    "done": true
  },
  "minecraft:recipes/building_blocks/polished_diorite_stairs_from_diorite_stonecutting": {
    "criteria": {
      "has_diorite": "2024-07-09 11:28:42 +0000"
    },
    "done": true
  },
  "furnitura:recipes/misc/wooden_couch_single_brown": {
    "criteria": {
      "has_oak_planks": "2024-07-09 10:32:58 +0000"
    },
    "done": true
  },
  "furnitura:recipes/misc/oak_shelf": {
    "criteria": {
      "has_oak_planks": "2024-07-09 10:32:58 +0000"
    },
    "done": true
  },
  "furnitura:recipes/misc/single_cushion_gray": {
    "criteria": {
      "has_oak_planks": "2024-07-09 10:32:58 +0000"
    },
    "done": true
  },
  "minecraft:recipes/building_blocks/andesite_slab_from_andesite_stonecutting": {
    "criteria": {
      "has_andesite": "2024-07-09 10:45:16 +0000"
    },
    "done": true
  },
  "minecraft:recipes/building_blocks/coal_block": {
    "criteria": {
      "has_coal": "2024-07-09 10:50:15 +0000"
    },
    "done": true
  },
  "furnitura:recipes/misc/single_cushion_yellow": {
    "criteria": {
      "has_oak_planks": "2024-07-09 10:32:58 +0000"
    },
    "done": true
  },
  "minecraft:recipes/building_blocks/mossy_cobblestone_slab": {
    "criteria": {
      "has_mossy_cobblestone": "2024-07-09 11:01:29 +0000"
    },
    "done": true
  },
  "furnitura:recipes/misc/couch_extenders_pink": {
    "criteria": {
      "has_oak_planks": "2024-07-09 10:32:58 +0000"
    },
    "done": true
  },
  "furnitura:recipes/misc/wooden_couch_single_gray": {
    "criteria": {
      "has_oak_planks": "2024-07-09 10:32:58 +0000"
    },
    "done": true
  },
  "travelersbackpack:recipes/misc/horse": {
    "criteria": {
      "has_leather": "2024-07-09 11:28:42 +0000"
    },
    "done": true
  },
  "furnitura:recipes/misc/oak_shelf_extenders": {
    "criteria": {
      "has_oak_planks": "2024-07-09 10:32:58 +0000"
    },
    "done": true
  },
  "minecraft:recipes/redstone/oak_button": {
    "criteria": {
      "has_planks": "2024-07-09 10:32:58 +0000"
    },
    "done": true
  },
  "weeping_angels:recipes/decorations/coffin": {
    "criteria": {
      "has_bone": "2024-07-09 10:29:11 +0000"
    },
    "done": true
  },
  "furnitura:recipes/misc/wooden_couch_end_pink": {
    "criteria": {
      "has_oak_planks": "2024-07-09 10:32:58 +0000"
    },
    "done": true
  },
  "furnitura:recipes/misc/wooden_couch_end": {
    "criteria": {
      "has_oak_planks": "2024-07-09 10:32:58 +0000"
    },
    "done": true
  },
  "minecraft:recipes/building_blocks/mossy_cobblestone_stairs": {
    "criteria": {
      "has_mossy_cobblestone": "2024-07-09 11:01:29 +0000"
    },
    "done": true
  },
  "furnitura:recipes/misc/single_cushion_red": {
    "criteria": {
      "has_oak_planks": "2024-07-09 10:32:58 +0000"
    },
    "done": true
  },
  "furnitura:recipes/misc/wooden_couch_single": {
    "criteria": {
      "has_oak_planks": "2024-07-09 10:32:58 +0000"
    },
    "done": true
  },
  "mysticsbiomes:recipes/food/pink_frosted_cake": {
    "criteria": {
      "has_egg": "2024-07-09 11:28:42 +0000"
    },
    "done": true
  },
  "minecraft:recipes/combat/iron_sword": {
    "criteria": {
      "has_iron_ingot": "2024-07-09 11:19:32 +0000"
    },
    "done": true
  },
  "minecraft:recipes/building_blocks/lime_concrete_powder": {
    "criteria": {
      "has_gravel": "2024-07-09 10:45:57 +0000"
    },
    "done": true
  },
  "minecraft:recipes/tools/iron_pickaxe": {
    "criteria": {
      "has_iron_ingot": "2024-07-09 11:19:32 +0000"
    },
    "done": true
  },
  "furnitura:recipes/misc/wooden_couch_single_purple": {
    "criteria": {
      "has_oak_planks": "2024-07-09 10:32:58 +0000"
    },
    "done": true
  },
  "minecraft:recipes/transportation/mangrove_boat": {
    "criteria": {
      "in_water": "2024-07-09 10:54:08 +0000"
    },
    "done": true
  },
  "minecraft:recipes/decorations/torch": {
    "criteria": {
      "has_stone_pickaxe": "2024-07-09 10:36:41 +0000"
    },
    "done": true
  },
  "furnitura:recipes/misc/wooden_couch_single_orange": {
    "criteria": {
      "has_oak_planks": "2024-07-09 10:32:58 +0000"
    },
    "done": true
  },
  "minecraft:recipes/building_blocks/sandstone_stairs": {
    "criteria": {
      "has_sandstone": "2024-07-09 10:56:01 +0000"
    },
    "done": true
  },
  "minecraft:recipes/combat/shield": {
    "criteria": {
      "has_iron_ingot": "2024-07-09 11:19:32 +0000"
    },
    "done": true
  },
  "furnitura:recipes/misc/wooden_couch_edge": {
    "criteria": {
      "has_oak_planks": "2024-07-09 10:32:58 +0000"
    },
    "done": true
  },
  "minecraft:recipes/redstone/hopper": {
    "criteria": {
      "has_iron_ingot": "2024-07-09 11:19:32 +0000"
    },
    "done": true
  },
  "minecraft:recipes/redstone/calibrated_sculk_sensor": {
    "criteria": {
      "has_amethyst_shard": "2024-07-09 11:19:31 +0000"
    },
    "done": true
  },
  "furnitura:recipes/misc/single_cushion_purple": {
    "criteria": {
      "has_oak_planks": "2024-07-09 10:32:58 +0000"
    },
    "done": true
  },
  "travelersbackpack:recipes/misc/iron": {
    "criteria": {
      "has_iron_ingot": "2024-07-09 11:19:32 +0000"
    },
    "done": true
  },
  "minecraft:recipes/building_blocks/andesite_stairs_from_andesite_stonecutting": {
    "criteria": {
      "has_andesite": "2024-07-09 10:45:16 +0000"
    },
    "done": true
  },
  "minecraft:recipes/decorations/iron_bars": {
    "criteria": {
      "has_iron_ingot": "2024-07-09 11:19:32 +0000"
    },
    "done": true
  },
  "minecraft:recipes/building_blocks/tinted_glass": {
    "criteria": {
      "has_amethyst_shard": "2024-07-09 11:19:31 +0000"
    },
    "done": true
  },
  "furnitura:recipes/misc/wooden_couch_single_light_gray": {
    "criteria": {
      "has_oak_planks": "2024-07-09 10:32:58 +0000"
    },
    "done": true
  },
  "minecraft:recipes/building_blocks/spruce_planks": {
    "criteria": {
      "has_logs": "2024-07-09 10:37:29 +0000"
    },
    "done": true
  },
  "minecraft:recipes/misc/copper_ingot_from_blasting_raw_copper": {
    "criteria": {
      "has_raw_copper": "2024-07-09 10:47:54 +0000"
    },
    "done": true
  },
  "minecraft:recipes/transportation/dark_oak_chest_boat": {
    "criteria": {
      "has_boat": "2024-07-09 10:53:31 +0000"
    },
    "done": true
  },
  "furnitura:recipes/misc/drawer": {
    "criteria": {
      "has_oak_planks": "2024-07-09 10:32:58 +0000"
    },
    "done": true
  },
  "furnitura:recipes/misc/wooden_couch_edge_cyan": {
    "criteria": {
      "has_oak_planks": "2024-07-09 10:32:58 +0000"
    },
    "done": true
  },
  "furnitura:recipes/misc/single_cushion_pink": {
    "criteria": {
      "has_oak_planks": "2024-07-09 10:32:58 +0000"
    },
    "done": true
  },
  "minecraft:recipes/food/cooked_beef_from_smoking": {
    "criteria": {
      "has_beef": "2024-07-09 11:27:47 +0000"
    },
    "done": true
  },
  "minecraft:recipes/building_blocks/orange_concrete_powder": {
    "criteria": {
      "has_gravel": "2024-07-09 10:45:57 +0000"
    },
    "done": true
  },
  "minecraft:recipes/building_blocks/oak_slab": {
    "criteria": {
      "has_planks": "2024-07-09 10:32:58 +0000"
    },
    "done": true
  },
  "furnitura:recipes/misc/small_table_oak": {
    "criteria": {
      "has_oak_planks": "2024-07-09 10:32:58 +0000"
    },
    "done": true
  },
  "minecraft:recipes/building_blocks/raw_copper_block": {
    "criteria": {
      "has_raw_copper": "2024-07-09 10:47:54 +0000"
    },
    "done": true
  },
  "minecraft:recipes/building_blocks/diorite_stairs_from_diorite_stonecutting": {
    "criteria": {
      "has_diorite": "2024-07-09 11:28:42 +0000"
    },
    "done": true
  },
  "travelersbackpack:recipes/misc/iron_tier_upgrade": {
    "criteria": {
      "has_iron_ingot": "2024-07-09 11:19:32 +0000"
    },
    "done": true
  },
  "morevillagers:recipes/blueprint_table": {
    "criteria": {
      "has_paper": "2024-07-09 11:09:27 +0000"
    },
    "done": true
  },
  "mysticsbiomes:recipes/transportation/strawberry_boat": {
    "criteria": {
      "in_water": "2024-07-09 10:54:08 +0000"
    },
    "done": true
  },
  "furnitura:recipes/misc/single_cushion_blue": {
    "criteria": {
      "has_oak_planks": "2024-07-09 10:32:58 +0000"
    },
    "done": true
  },
  "minecraft:recipes/transportation/bamboo_chest_raft": {
    "criteria": {
      "has_boat": "2024-07-09 10:53:31 +0000"
    },
    "done": true
  },
  "mysticsbiomes:recipes/transportation/cherry_chest_boat": {
    "criteria": {
      "has_boat": "2024-07-09 10:53:31 +0000"
    },
    "done": true
  },
  "furnitura:recipes/misc/wooden_couch_end_cyan": {
    "criteria": {
      "has_oak_planks": "2024-07-09 10:32:58 +0000"
    },
    "done": true
  },
  "minecraft:recipes/combat/iron_boots": {
    "criteria": {
      "has_iron_ingot": "2024-07-09 11:19:32 +0000"
    },
    "done": true
  },
  "furnitura:recipes/misc/single_cushion_orange": {
    "criteria": {
      "has_oak_planks": "2024-07-09 10:32:58 +0000"
    },
    "done": true
  },
  "minecraft:recipes/building_blocks/birch_planks": {
    "criteria": {
      "has_logs": "2024-07-09 11:28:42 +0000"
    },
    "done": true
  },
  "mysticsbiomes:recipes/transportation/jacaranda_chest_boat": {
    "criteria": {
      "has_boat": "2024-07-09 10:53:31 +0000"
    },
    "done": true
  },
  "travelersbackpack:recipes/misc/hose_nozzle": {
    "criteria": {
      "has_iron": "2024-07-09 11:19:32 +0000"
    },
    "done": true
  },
  "travelersbackpack:recipes/misc/skeleton": {
    "criteria": {
      "has_arrow": "2024-07-09 10:57:08 +0000"
    },
    "done": true
  },
  "furnitura:recipes/misc/wooden_couch_edge_light_gray": {
    "criteria": {
      "has_oak_planks": "2024-07-09 10:32:58 +0000"
    },
    "done": true
  },
  "minecraft:recipes/brewing/fermented_spider_eye": {
    "criteria": {
      "has_spider_eye": "2024-07-09 11:28:42 +0000"
    },
    "done": true
  },
  "minecraft:recipes/misc/iron_ingot_from_smelting_raw_iron": {
    "criteria": {
      "has_raw_iron": "2024-07-09 10:51:22 +0000"
    },
    "done": true
  },
  "minecraft:recipes/tools/stone_pickaxe": {
    "criteria": {
      "has_cobblestone": "2024-07-09 10:35:09 +0000"
    },
    "done": true
  },
  "furnitura:recipes/misc/single_leg_table_oak": {
    "criteria": {
      "has_oak_planks": "2024-07-09 10:32:58 +0000"
    },
    "done": true
  },
  "minecraft:recipes/decorations/lantern": {
    "criteria": {
      "has_iron_ingot": "2024-07-09 11:19:32 +0000"
    },
    "done": true
  },
  "minecraft:recipes/food/cooked_mutton": {
    "criteria": {
      "has_mutton": "2024-07-09 11:27:35 +0000"
    },
    "done": true
  },
  "furnitura:recipes/misc/couch_extenders_white": {
    "criteria": {
      "has_oak_planks": "2024-07-09 10:32:58 +0000"
    },
    "done": true
  },
  "minecraft:recipes/building_blocks/magenta_concrete_powder": {
    "criteria": {
      "has_gravel": "2024-07-09 10:45:57 +0000"
    },
    "done": true
  },
  "minecraft:recipes/building_blocks/cut_sandstone_from_sandstone_stonecutting": {
    "criteria": {
      "has_sandstone": "2024-07-09 10:56:01 +0000"
    },
    "done": true
  },
  "furnitura:recipes/misc/wooden_couch_edge_blue": {
    "criteria": {
      "has_oak_planks": "2024-07-09 10:32:58 +0000"
    },
    "done": true
  },
  "minecraft:recipes/decorations/campfire": {
    "criteria": {
      "has_stick": "2024-07-09 10:33:11 +0000"
    },
    "done": true
  },
  "minecraft:recipes/tools/flint_and_steel": {
    "criteria": {
      "has_flint": "2024-07-09 10:47:20 +0000"
    },
    "done": true
  },
  "furnitura:recipes/misc/wooden_couch_edge_right_light_gray": {
    "criteria": {
      "has_oak_planks": "2024-07-09 10:32:58 +0000"
    },
    "done": true
  },
  "minecraft:recipes/misc/sugar_from_sugar_cane": {
    "criteria": {
      "has_sugar_cane": "2024-07-09 11:28:42 +0000"
    },
    "done": true
  },
  "minecraft:recipes/tools/wooden_hoe": {
    "criteria": {
      "has_stick": "2024-07-09 10:33:11 +0000"
    },
    "done": true
  },
  "minecraft:recipes/building_blocks/chiseled_sandstone_from_sandstone_stonecutting": {
    "criteria": {
      "has_sandstone": "2024-07-09 10:56:01 +0000"
    },
    "done": true
  },
  "travelersbackpack:recipes/misc/sheep": {
    "criteria": {
      "has_white_wool": "2024-07-09 11:27:35 +0000"
    },
    "done": true
  },
  "minecraft:recipes/decorations/white_banner": {
    "criteria": {
      "has_white_wool": "2024-07-09 11:27:35 +0000"
    },
    "done": true
  },
  "minecraft:recipes/decorations/mossy_cobblestone_wall": {
    "criteria": {
      "has_mossy_cobblestone": "2024-07-09 11:01:29 +0000"
    },
    "done": true
  },
  "minecraft:recipes/redstone/oak_fence_gate": {
    "criteria": {
      "has_planks": "2024-07-09 10:32:58 +0000"
    },
    "done": true
  },
  "minecraft:recipes/decorations/diorite_wall_from_diorite_stonecutting": {
    "criteria": {
      "has_diorite": "2024-07-09 11:28:42 +0000"
    },
    "done": true
  },
  "dungeons_arise:find_bathhouse": {
    "criteria": {
      "location0": "2024-07-09 10:56:49 +0000"
    },
    "done": true
  },
  "minecraft:recipes/misc/charcoal": {
    "criteria": {
      "has_log": "2024-07-09 10:32:33 +0000"
    },
    "done": true
  },
  "minecraft:recipes/tools/wooden_pickaxe": {
    "criteria": {
      "has_stick": "2024-07-09 10:33:11 +0000"
    },
    "done": true
  },
  "minecraft:recipes/building_blocks/polished_andesite_from_andesite_stonecutting": {
    "criteria": {
      "has_andesite": "2024-07-09 10:45:16 +0000"
    },
    "done": true
  },
  "minecraft:recipes/tools/iron_shovel": {
    "criteria": {
      "has_iron_ingot": "2024-07-09 11:19:32 +0000"
    },
    "done": true
  },
  "furnitura:recipes/misc/single_cushion_lime": {
    "criteria": {
      "has_oak_planks": "2024-07-09 10:32:58 +0000"
    },
    "done": true
  },
  "minecraft:recipes/decorations/item_frame": {
    "criteria": {
      "has_leather": "2024-07-09 11:28:42 +0000"
    },
    "done": true
  },
  "minecraft:recipes/food/baked_potato_from_smoking": {
    "criteria": {
      "has_potato": "2024-07-09 10:56:13 +0000"
    },
    "done": true
  },
  "minecraft:story/upgrade_tools": {
    "criteria": {
      "stone_pickaxe": "2024-07-09 10:36:41 +0000"
    },
    "done": true
  },
  "furnitura:recipes/misc/single_cushion_light_blue": {
    "criteria": {
      "has_oak_planks": "2024-07-09 10:32:58 +0000"
    },
    "done": true
  },
  "furnitura:recipes/misc/oak_cabinet": {
    "criteria": {
      "has_oak_planks": "2024-07-09 10:32:58 +0000"
    },
    "done": true
  },
  "furnitura:recipes/misc/wooden_couch_edge_pink": {
    "criteria": {
      "has_oak_planks": "2024-07-09 10:32:58 +0000"
    },
    "done": true
  },
  "travelersbackpack:recipes/misc/wolf": {
    "criteria": {
      "has_bone": "2024-07-09 10:29:11 +0000"
    },
    "done": true
  },
  "minecraft:recipes/building_blocks/andesite": {
    "criteria": {
      "has_stone": "2024-07-09 11:28:42 +0000"
    },
    "done": true
  },
  "minecraft:recipes/building_blocks/cut_sandstone_slab_from_sandstone_stonecutting": {
    "criteria": {
      "has_sandstone": "2024-07-09 10:56:01 +0000"
    },
    "done": true
  },
  "minecraft:recipes/redstone/oak_pressure_plate": {
    "criteria": {
      "has_planks": "2024-07-09 10:32:58 +0000"
    },
    "done": true
  },
  "furnitura:recipes/misc/wooden_couch_edge_right_blue": {
    "criteria": {
      "has_oak_planks": "2024-07-09 10:32:58 +0000"
    },
    "done": true
  },
  "minecraft:recipes/building_blocks/sandstone_slab_from_sandstone_stonecutting": {
    "criteria": {
      "has_sandstone": "2024-07-09 10:56:01 +0000"
    },
    "done": true
  },
  "minecraft:story/form_obsidian": {
    "criteria": {
      "obsidian": "2024-07-09 11:19:34 +0000"
    },
    "done": true
  },
  "mysticsbiomes:recipes/transportation/peach_chest_boat": {
    "criteria": {
      "has_boat": "2024-07-09 10:53:31 +0000"
    },
    "done": true
  },
  "weeping_angels:recipes/decorations/statue": {
    "criteria": {
      "has_stone": "2024-07-09 10:45:16 +0000"
    },
    "done": true
  },
  "minecraft:recipes/building_blocks/polished_andesite": {
    "criteria": {
      "has_andesite": "2024-07-09 10:45:16 +0000"
    },
    "done": true
  },
  "furnitura:recipes/misc/oak_crate": {
    "criteria": {
      "has_oak_planks": "2024-07-09 10:32:58 +0000"
    },
    "done": true
  },
  "mysticsbiomes:recipes/transportation/sea_foam_chest_boat": {
    "criteria": {
      "has_boat": "2024-07-09 10:53:31 +0000"
    },
    "done": true
  },
  "furnitura:recipes/misc/wooden_couch_edge_right_red": {
    "criteria": {
      "has_oak_planks": "2024-07-09 10:32:58 +0000"
    },
    "done": true
  },
  "minecraft:recipes/redstone/oak_door": {
    "criteria": {
      "has_planks": "2024-07-09 10:32:58 +0000"
    },
    "done": true
  },
  "minecraft:recipes/transportation/carrot_on_a_stick": {
    "criteria": {
      "has_carrot": "2024-07-09 10:52:39 +0000"
    },
    "done": true
  },
  "furnitura:recipes/misc/couch_edge_right_red": {
    "criteria": {
      "has_oak_planks": "2024-07-09 10:32:58 +0000"
    },
    "done": true
  },
  "furnitura:recipes/misc/couch_extenders_green": {
    "criteria": {
      "has_oak_planks": "2024-07-09 10:32:58 +0000"
    },
    "done": true
  },
  "furnitura:recipes/misc/wooden_couch_edge_right_lime": {
    "criteria": {
      "has_oak_planks": "2024-07-09 10:32:58 +0000"
    },
    "done": true
  },
  "minecraft:recipes/food/cooked_mutton_from_campfire_cooking": {
    "criteria": {
      "has_mutton": "2024-07-09 11:27:35 +0000"
    },
    "done": true
  },
  "minecraft:recipes/building_blocks/yellow_concrete_powder": {
    "criteria": {
      "has_gravel": "2024-07-09 10:45:57 +0000"
    },
    "done": true
  },
  "furnitura:recipes/misc/wooden_couch_edge_white": {
    "criteria": {
      "has_oak_planks": "2024-07-09 10:32:58 +0000"
    },
    "done": true
  },
  "furnitura:recipes/misc/wooden_couch_end_light_gray": {
    "criteria": {
      "has_oak_planks": "2024-07-09 10:32:58 +0000"
    },
    "done": true
  },
  "minecraft:recipes/tools/wooden_shovel": {
    "criteria": {
      "has_stick": "2024-07-09 10:33:11 +0000"
    },
    "done": true
  },
  "minecraft:recipes/building_blocks/mossy_cobblestone_slab_from_mossy_cobblestone_stonecutting": {
    "criteria": {
      "has_mossy_cobblestone": "2024-07-09 11:01:29 +0000"
    },
    "done": true
  },
  "minecraft:recipes/redstone/dispenser": {
    "criteria": {
      "has_bow": "2024-07-09 11:28:42 +0000"
    },
    "done": true
  },
  "mysticsbiomes:recipes/transportation/maple_chest_boat": {
    "criteria": {
      "has_boat": "2024-07-09 10:53:31 +0000"
    },
    "done": true
  },
  "furnitura:recipes/misc/wooden_couch_end_yellow": {
    "criteria": {
      "has_oak_planks": "2024-07-09 10:32:58 +0000"
    },
    "done": true
  },
  "minecraft:recipes/building_blocks/cobblestone_slab": {
    "criteria": {
      "has_cobblestone": "2024-07-09 10:35:09 +0000"
    },
    "done": true
  },
  "furnitura:recipes/misc/wooden_couch_single_pink": {
    "criteria": {
      "has_oak_planks": "2024-07-09 10:32:58 +0000"
    },
    "done": true
  },
  "minecraft:recipes/transportation/acacia_boat": {
    "criteria": {
      "in_water": "2024-07-09 10:54:08 +0000"
    },
    "done": true
  },
  "minecraft:recipes/redstone/iron_trapdoor": {
    "criteria": {
      "has_iron_ingot": "2024-07-09 11:19:32 +0000"
    },
    "done": true
  },
  "minecraft:adventure/root": {
    "criteria": {
      "killed_something": "2024-07-09 10:40:48 +0000"
    },
    "done": true
  },
  "minecraft:recipes/building_blocks/white_wool_from_string": {
    "criteria": {
      "has_string": "2024-07-09 11:28:42 +0000"
    },
    "done": true
  },
  "furnitura:recipes/misc/single_cushion_light_gray": {
    "criteria": {
      "has_oak_planks": "2024-07-09 10:32:58 +0000"
    },
    "done": true
  },
  "minecraft:recipes/misc/iron_ingot_from_blasting_raw_iron": {
    "criteria": {
      "has_raw_iron": "2024-07-09 10:51:22 +0000"
    },
    "done": true
  },
  "furnitura:recipes/misc/wooden_couch_edge_orange": {
    "criteria": {
      "has_oak_planks": "2024-07-09 10:32:58 +0000"
    },
    "done": true
  },
  "enchantinginfuser:recipes/decorations/enchanting_infuser": {
    "criteria": {
      "has_amethyst_shard": "2024-07-09 11:19:31 +0000"
    },
    "done": true
  },
  "minecraft:recipes/building_blocks/amethyst_block": {
    "criteria": {
      "has_amethyst_shard": "2024-07-09 11:19:31 +0000"
    },
    "done": true
  },
  "minecraft:recipes/combat/wooden_sword": {
    "criteria": {
      "has_stick": "2024-07-09 10:33:11 +0000"
    },
    "done": true
  },
  "minecraft:recipes/building_blocks/oak_planks": {
    "criteria": {
      "has_logs": "2024-07-09 10:32:33 +0000"
    },
    "done": true
  },
  "minecraft:recipes/building_blocks/gray_concrete_powder": {
    "criteria": {
      "has_gravel": "2024-07-09 10:45:57 +0000"
    },
    "done": true
  },
  "minecraft:recipes/tools/iron_axe": {
    "criteria": {
      "has_iron_ingot": "2024-07-09 11:19:32 +0000"
    },
    "done": true
  },
  "minecraft:recipes/building_blocks/black_concrete_powder": {
    "criteria": {
      "has_gravel": "2024-07-09 10:45:57 +0000"
    },
    "done": true
  },
  "minecraft:recipes/decorations/cartography_table": {
    "criteria": {
      "has_paper": "2024-07-09 11:09:27 +0000"
    },
    "done": true
  },
  "minecraft:recipes/combat/crossbow": {
    "criteria": {
      "has_iron_ingot": "2024-07-09 11:19:32 +0000"
    },
    "done": true
  },
  "minecraft:recipes/building_blocks/polished_diorite_from_diorite_stonecutting": {
    "criteria": {
      "has_diorite": "2024-07-09 11:28:42 +0000"
    },
    "done": true
  },
  "furnitura:recipes/misc/wooden_couch_single_blue": {
    "criteria": {
      "has_oak_planks": "2024-07-09 10:32:58 +0000"
    },
    "done": true
  },
  "minecraft:recipes/misc/iron_nugget_from_blasting": {
    "criteria": {
      "has_chainmail_boots": "2024-07-09 11:18:01 +0000"
    },
    "done": true
  },
  "minecraft:adventure/kill_a_mob": {
    "criteria": {
      "minecraft:zombie": "2024-07-09 10:40:48 +0000"
    },
    "done": true
  },
  "furnitura:recipes/misc/single_cushion_green": {
    "criteria": {
      "has_oak_planks": "2024-07-09 10:32:58 +0000"
    },
    "done": true
  },
  "minecraft:recipes/decorations/barrel": {
    "criteria": {
      "has_planks": "2024-07-09 10:32:58 +0000"
    },
    "done": true
  },
  "furnitura:recipes/misc/wooden_couch_edge_right_pink": {
    "criteria": {
      "has_oak_planks": "2024-07-09 10:32:58 +0000"
    },
    "done": true
  },
  "furnitura:recipes/misc/wooden_couch_edge_purple": {
    "criteria": {
      "has_oak_planks": "2024-07-09 10:32:58 +0000"
    },
    "done": true
  },
  "minecraft:recipes/combat/leather_boots": {
    "criteria": {
      "has_leather": "2024-07-09 11:28:42 +0000"
    },
    "done": true
  },
  "minecraft:recipes/decorations/cobblestone_wall_from_cobblestone_stonecutting": {
    "criteria": {
      "has_cobblestone": "2024-07-09 10:35:09 +0000"
    },
    "done": true
  },
  "minecraft:recipes/decorations/sandstone_wall": {
    "criteria": {
      "has_sandstone": "2024-07-09 10:56:01 +0000"
    },
    "done": true
  },
  "furnitura:recipes/misc/couch_extenders_brown": {
    "criteria": {
      "has_oak_planks": "2024-07-09 10:32:58 +0000"
    },
    "done": true
  },
  "minecraft:recipes/decorations/andesite_wall": {
    "criteria": {
      "has_andesite": "2024-07-09 10:45:16 +0000"
    },
    "done": true
  },
  "minecraft:recipes/building_blocks/andesite_slab": {
    "criteria": {
      "has_andesite": "2024-07-09 10:45:16 +0000"
    },
    "done": true
  },
  "furnitura:recipes/misc/wooden_couch_edge_right": {
    "criteria": {
      "has_oak_planks": "2024-07-09 10:32:58 +0000"
    },
    "done": true
  },
  "mysticsbiomes:recipes/transportation/strawberry_chest_boat": {
    "criteria": {
      "has_boat": "2024-07-09 10:53:31 +0000"
    },
    "done": true
  },
  "furnitura:recipes/misc/wooden_couch_single_lime": {
    "criteria": {
      "has_oak_planks": "2024-07-09 10:32:58 +0000"
    },
    "done": true
  },
  "minecraft:recipes/building_blocks/cobblestone_stairs_from_cobblestone_stonecutting": {
    "criteria": {
      "has_cobblestone": "2024-07-09 10:35:09 +0000"
    },
    "done": true
  },
  "minecraft:recipes/building_blocks/polished_andesite_stairs_from_andesite_stonecutting": {
    "criteria": {
      "has_andesite": "2024-07-09 10:45:16 +0000"
    },
    "done": true
  },
  "minecraft:recipes/decorations/white_bed": {
    "criteria": {
      "has_white_wool": "2024-07-09 11:27:35 +0000"
    },
    "done": true
  },
  "furnitura:recipes/misc/couch_extenders_light_gray": {
    "criteria": {
      "has_oak_planks": "2024-07-09 10:32:58 +0000"
    },
    "done": true
  },
  "travelersbackpack:recipes/misc/bookshelf": {
    "criteria": {
      "has_book": "2024-07-09 11:09:22 +0000"
    },
    "done": true
  },
  "furnitura:recipes/misc/wooden_couch_single_yellow": {
    "criteria": {
      "has_oak_planks": "2024-07-09 10:32:58 +0000"
    },
    "done": true
  },
  "minecraft:recipes/building_blocks/diorite_slab_from_diorite_stonecutting": {
    "criteria": {
      "has_diorite": "2024-07-09 11:28:42 +0000"
    },
    "done": true
  },
  "minecraft:recipes/misc/firework_rocket_simple": {
    "criteria": {
      "has_gunpowder": "2024-07-09 11:28:42 +0000"
    },
    "done": true
  },
  "minecraft:recipes/food/mushroom_stew": {
    "criteria": {
      "has_mushroom_stew": "2024-07-09 10:58:26 +0000"
    },
    "done": true
  },
  "minecraft:husbandry/balanced_diet": {
    "criteria": {
      "apple": "2024-07-09 11:16:13 +0000",
      "pumpkin_pie": "2024-07-09 11:19:16 +0000",
      "carrot": "2024-07-09 10:58:23 +0000"
    },
    "done": false
  },
  "minecraft:recipes/building_blocks/cobblestone_stairs": {
    "criteria": {
      "has_cobblestone": "2024-07-09 10:35:09 +0000"
    },
    "done": true
  },
  "furnitura:recipes/misc/couch_extenders_gray": {
    "criteria": {
      "has_oak_planks": "2024-07-09 10:32:58 +0000"
    },
    "done": true
  },
  "furnitura:recipes/misc/single_cushion_cyan": {
    "criteria": {
      "has_oak_planks": "2024-07-09 10:32:58 +0000"
    },
    "done": true
  },
  "minecraft:recipes/building_blocks/polished_diorite_slab_from_diorite_stonecutting": {
    "criteria": {
      "has_diorite": "2024-07-09 11:28:42 +0000"
    },
    "done": true
  },
  "minecraft:recipes/decorations/mossy_cobblestone_wall_from_mossy_cobblestone_stonecutting": {
    "criteria": {
      "has_mossy_cobblestone": "2024-07-09 11:01:29 +0000"
    },
    "done": true
  },
  "minecraft:recipes/redstone/tnt": {
    "criteria": {
      "has_gunpowder": "2024-07-09 11:28:42 +0000"
    },
    "done": true
  },
  "minecraft:recipes/building_blocks/purple_concrete_powder": {
    "criteria": {
      "has_gravel": "2024-07-09 10:45:57 +0000"
    },
    "done": true
  },
  "furnitura:recipes/misc/oak_chair": {
    "criteria": {
      "has_oak_planks": "2024-07-09 10:32:58 +0000"
    },
    "done": true
  },
  "furnitura:recipes/misc/wooden_couch_edge_right_cyan": {
    "criteria": {
      "has_oak_planks": "2024-07-09 10:32:58 +0000"
    },
    "done": true
  },
  "minecraft:recipes/decorations/enchanting_table": {
    "criteria": {
      "has_obsidian": "2024-07-09 11:19:34 +0000"
    },
    "done": true
  },
  "furnitura:recipes/misc/wooden_couch_single_cyan": {
    "criteria": {
      "has_oak_planks": "2024-07-09 10:32:58 +0000"
    },
    "done": true
  },
  "furnitura:recipes/misc/wooden_couch_single_red": {
    "criteria": {
      "has_oak_planks": "2024-07-09 10:32:58 +0000"
    },
    "done": true
  },
  "minecraft:recipes/tools/stone_hoe": {
    "criteria": {
      "has_cobblestone": "2024-07-09 10:35:09 +0000"
    },
    "done": true
  },
  "furnitura:recipes/misc/wooden_couch_edge_right_orange": {
    "criteria": {
      "has_oak_planks": "2024-07-09 10:32:58 +0000"
    },
    "done": true
  },
  "minecraft:recipes/building_blocks/cyan_concrete_powder": {
    "criteria": {
      "has_gravel": "2024-07-09 10:45:57 +0000"
    },
    "done": true
  },
  "furnitura:recipes/misc/single_cushion_brown": {
    "criteria": {
      "has_oak_planks": "2024-07-09 10:32:58 +0000"
    },
    "done": true
  },
  "minecraft:recipes/decorations/loom": {
    "criteria": {
      "has_string": "2024-07-09 11:28:42 +0000"
    },
    "done": true
  },
  "travelersbackpack:recipes/misc/cake": {
    "criteria": {
      "has_egg": "2024-07-09 11:28:42 +0000"
    },
    "done": true
  },
  "minecraft:recipes/tools/stone_shovel": {
    "criteria": {
      "has_cobblestone": "2024-07-09 10:35:09 +0000"
    },
    "done": true
  },
  "minecraft:recipes/building_blocks/diorite_stairs": {
    "criteria": {
      "has_diorite": "2024-07-09 11:28:42 +0000"
    },
    "done": true
  },
  "minecraft:recipes/building_blocks/oak_wood": {
    "criteria": {
      "has_log": "2024-07-09 10:32:33 +0000"
    },
    "done": true
  },
  "minecraft:story/root": {
    "criteria": {
      "crafting_table": "2024-07-09 10:33:03 +0000"
    },
    "done": true
  },
  "furnitura:recipes/misc/wooden_couch_end_white": {
    "criteria": {
      "has_oak_planks": "2024-07-09 10:32:58 +0000"
    },
    "done": true
  },
  "minecraft:recipes/food/cooked_beef": {
    "criteria": {
      "has_beef": "2024-07-09 11:27:47 +0000"
    },
    "done": true
  },
  "minecraft:recipes/redstone/iron_door": {
    "criteria": {
      "has_iron_ingot": "2024-07-09 11:19:32 +0000"
    },
    "done": true
  },
  "minecraft:recipes/misc/copper_ingot_from_smelting_raw_copper": {
    "criteria": {
      "has_raw_copper": "2024-07-09 10:47:54 +0000"
    },
    "done": true
  },
  "minecraft:recipes/building_blocks/snow_block": {
    "criteria": {
      "has_snowball": "2024-07-09 10:39:58 +0000"
    },
    "done": true
  },
  "furnitura:recipes/misc/wooden_couch_edge_brown": {
    "criteria": {
      "has_oak_planks": "2024-07-09 10:32:58 +0000"
    },
    "done": true
  },
  "minecraft:recipes/transportation/jungle_boat": {
    "criteria": {
      "in_water": "2024-07-09 10:54:08 +0000"
    },
    "done": true
  },
  "mysticsbiomes:recipes/transportation/maple_boat": {
    "criteria": {
      "in_water": "2024-07-09 10:54:08 +0000"
    },
    "done": true
  },
  "minecraft:recipes/redstone/heavy_weighted_pressure_plate": {
    "criteria": {
      "has_iron_ingot": "2024-07-09 11:19:32 +0000"
    },
    "done": true
  },
  "minecraft:recipes/transportation/dark_oak_boat": {
    "criteria": {
      "in_water": "2024-07-09 10:54:08 +0000"
    },
    "done": true
  },
  "minecraft:recipes/food/cooked_beef_from_campfire_cooking": {
    "criteria": {
      "has_beef": "2024-07-09 11:27:47 +0000"
    },
    "done": true
  },
  "furnitura:recipes/misc/wooden_couch_end_orange": {
    "criteria": {
      "has_oak_planks": "2024-07-09 10:32:58 +0000"
    },
    "done": true
  },
  "DataVersion": 3465
}