{
  "morevillagers:root": {
    "criteria": {
      "always": "2024-07-09 07:48:56 +0000"
    },
    "done": true
  },
  "minecraft:recipes/decorations/crafting_table": {
    "criteria": {
      "unlock_right_away": "2024-07-09 07:48:56 +0000"
    },
    "done": true
  },
  "dungeons_arise:wda_root": {
    "criteria": {
      "WDA": "2024-07-09 07:48:56 +0000"
    },
    "done": true
  },
  "minecraft:adventure/adventuring_time": {
    "criteria": {
      "minecraft:snowy_slopes": "2024-07-09 09:23:08 +0000",
      "minecraft:river": "2024-07-09 09:27:08 +0000",
      "minecraft:dripstone_caves": "2024-07-09 09:49:18 +0000",
      "minecraft:jagged_peaks": "2024-07-09 09:23:45 +0000",
      "minecraft:forest": "2024-07-09 09:29:45 +0000",
      "minecraft:meadow": "2024-07-09 09:22:46 +0000",
      "minecraft:plains": "2024-07-09 07:48:56 +0000"
    },
    "done": false
  },
  "furnitura:recipes/misc/wooden_couch_edge_gray": {
    "criteria": {
      "has_oak_planks": "2024-07-09 09:34:12 +0000"
    },
    "done": true
  },
  "minecraft:recipes/redstone/lever": {
    "criteria": {
      "has_cobblestone": "2024-07-09 09:40:20 +0000"
    },
    "done": true
  },
  "furnitura:recipes/misc/couch_extenders_light_blue": {
    "criteria": {
      "has_oak_planks": "2024-07-09 09:34:12 +0000"
    },
    "done": true
  },
  "minecraft:recipes/combat/leather_helmet": {
    "criteria": {
      "has_leather": "2024-07-09 09:37:02 +0000"
    },
    "done": true
  },
  "minecraft:recipes/decorations/ladder": {
    "criteria": {
      "has_stick": "2024-07-09 09:34:43 +0000"
    },
    "done": true
  },
  "furnitura:recipes/misc/wooden_couch_edge_green": {
    "criteria": {
      "has_oak_planks": "2024-07-09 09:34:12 +0000"
    },
    "done": true
  },
  "mutantmonsters:root": {
    "criteria": {
      "killed_by_something": "2024-07-09 09:23:59 +0000"
    },
    "done": true
  },
  "furnitura:recipes/misc/couch_extenders_blue": {
    "criteria": {
      "has_oak_planks": "2024-07-09 09:34:12 +0000"
    },
    "done": true
  },
  "minecraft:recipes/building_blocks/light_gray_concrete_powder": {
    "criteria": {
      "has_sand": "2024-07-09 09:27:24 +0000"
    },
    "done": true
  },
  "minecraft:recipes/combat/leather_leggings": {
    "criteria": {
      "has_leather": "2024-07-09 09:37:02 +0000"
    },
    "done": true
  },
  "travelersbackpack:recipes/misc/coal": {
    "criteria": {
      "has_coal": "2024-07-09 09:42:26 +0000"
    },
    "done": true
  },
  "minecraft:recipes/building_blocks/pink_concrete_powder": {
    "criteria": {
      "has_sand": "2024-07-09 09:27:24 +0000"
    },
    "done": true
  },
  "minecraft:recipes/building_blocks/sandstone_slab": {
    "criteria": {
      "has_sandstone": "2024-07-09 11:01:00 +0000"
    },
    "done": true
  },
  "furnitura:recipes/misc/large_couch_single_black": {
    "criteria": {
      "has_oak_planks": "2024-07-09 09:34:12 +0000"
    },
    "done": true
  },
  "furnitura:recipes/misc/wooden_couch_end_gray": {
    "criteria": {
      "has_oak_planks": "2024-07-09 09:34:12 +0000"
    },
    "done": true
  },
  "minecraft:recipes/food/cooked_mutton_from_smoking": {
    "criteria": {
      "has_mutton": "2024-07-09 09:39:43 +0000"
    },
    "done": true
  },
  "furnitura:recipes/misc/wooden_couch_edge_red": {
    "criteria": {
      "has_oak_planks": "2024-07-09 09:34:12 +0000"
    },
    "done": true
  },
  "furnitura:recipes/misc/couch_extenders_lime": {
    "criteria": {
      "has_oak_planks": "2024-07-09 09:34:12 +0000"
    },
    "done": true
  },
  "furnitura:recipes/misc/birch_stool": {
    "criteria": {
      "has_birch_planks": "2024-07-09 09:37:25 +0000"
    },
    "done": true
  },
  "furnitura:recipes/misc/single_cussion_black": {
    "criteria": {
      "has_oak_planks": "2024-07-09 09:34:12 +0000"
    },
    "done": true
  },
  "minecraft:recipes/misc/cyan_dye": {
    "criteria": {
      "has_blue_dye": "2024-07-09 10:05:15 +0000"
    },
    "done": true
  },
  "minecraft:recipes/redstone/birch_button": {
    "criteria": {
      "has_planks": "2024-07-09 09:37:25 +0000"
    },
    "done": true
  },
  "minecraft:recipes/building_blocks/bookshelf": {
    "criteria": {
      "has_book": "2024-07-09 10:17:55 +0000"
    },
    "done": true
  },
  "morevillagers:recipes/hunting_post": {
    "criteria": {
      "has_arrow": "2024-07-09 10:17:56 +0000"
    },
    "done": true
  },
  "furnitura:recipes/misc/wooden_couch_edge_right_purple": {
    "criteria": {
      "has_oak_planks": "2024-07-09 09:34:12 +0000"
    },
    "done": true
  },
  "minecraft:recipes/decorations/oak_sign": {
    "criteria": {
      "has_planks": "2024-07-09 09:34:12 +0000"
    },
    "done": true
  },
  "furnitura:recipes/misc/wooden_couch_end_green": {
    "criteria": {
      "has_oak_planks": "2024-07-09 09:34:12 +0000"
    },
    "done": true
  },
  "minecraft:recipes/redstone/oak_trapdoor": {
    "criteria": {
      "has_planks": "2024-07-09 09:34:12 +0000"
    },
    "done": true
  },
  "furnitura:recipes/misc/oak_desk": {
    "criteria": {
      "has_oak_planks": "2024-07-09 09:34:12 +0000"
    },
    "done": true
  },
  "minecraft:recipes/building_blocks/red_concrete_powder": {
    "criteria": {
      "has_sand": "2024-07-09 09:27:24 +0000"
    },
    "done": true
  },
  "minecraft:recipes/misc/book": {
    "criteria": {
      "has_paper": "2024-07-09 10:19:44 +0000"
    },
    "done": true
  },
  "minecraft:recipes/combat/stone_sword": {
    "criteria": {
      "has_cobblestone": "2024-07-09 09:40:20 +0000"
    },
    "done": true
  },
  "furnitura:recipes/misc/couch_single_red": {
    "criteria": {
      "has_oak_planks": "2024-07-09 09:34:12 +0000"
    },
    "done": true
  },
  "minecraft:recipes/decorations/cobblestone_wall": {
    "criteria": {
      "has_cobblestone": "2024-07-09 09:40:20 +0000"
    },
    "done": true
  },
  "furnitura:recipes/misc/wooden_couch_edge_right_yellow": {
    "criteria": {
      "has_oak_planks": "2024-07-09 09:34:12 +0000"
    },
    "done": true
  },
  "furnitura:recipes/misc/single_leg_table_birch": {
    "criteria": {
      "has_birch_planks": "2024-07-09 09:37:25 +0000"
    },
    "done": true
  },
  "furnitura:recipes/misc/couch_extenders_red": {
    "criteria": {
      "has_oak_planks": "2024-07-09 09:34:12 +0000"
    },
    "done": true
  },
  "minecraft:recipes/building_blocks/polished_diorite": {
    "criteria": {
      "has_diorite": "2024-07-09 09:53:47 +0000"
    },
    "done": true
  },
  "furnitura:recipes/misc/oak_stool": {
    "criteria": {
      "has_oak_planks": "2024-07-09 09:34:12 +0000"
    },
    "done": true
  },
  "minecraft:recipes/tools/stone_axe": {
    "criteria": {
      "has_cobblestone": "2024-07-09 09:40:20 +0000"
    },
    "done": true
  },
  "minecraft:recipes/decorations/blue_candle": {
    "criteria": {
      "has_blue_dye": "2024-07-09 10:05:15 +0000"
    },
    "done": true
  },
  "furnitura:recipes/misc/oak_mailbox": {
    "criteria": {
      "has_oak_planks": "2024-07-09 09:34:12 +0000"
    },
    "done": true
  },
  "furnitura:recipes/misc/wooden_couch_end_purple": {
    "criteria": {
      "has_oak_planks": "2024-07-09 09:34:12 +0000"
    },
    "done": true
  },
  "minecraft:recipes/building_blocks/brown_concrete_powder": {
    "criteria": {
      "has_sand": "2024-07-09 09:27:24 +0000"
    },
    "done": true
  },
  "minecraft:recipes/decorations/blue_stained_glass_pane_from_glass_pane": {
    "criteria": {
      "has_blue_dye": "2024-07-09 10:05:15 +0000"
    },
    "done": true
  },
  "minecraft:recipes/building_blocks/diorite_slab": {
    "criteria": {
      "has_diorite": "2024-07-09 09:53:47 +0000"
    },
    "done": true
  },
  "minecraft:recipes/building_blocks/light_blue_concrete_powder": {
    "criteria": {
      "has_sand": "2024-07-09 09:27:24 +0000"
    },
    "done": true
  },
  "minecraft:recipes/building_blocks/glass": {
    "criteria": {
      "has_smelts_to_glass": "2024-07-09 09:27:24 +0000"
    },
    "done": true
  },
  "minecraft:recipes/combat/bow": {
    "criteria": {
      "has_string": "2024-07-09 10:48:58 +0000"
    },
    "done": true
  },
  "minecraft:recipes/building_blocks/smooth_sandstone": {
    "criteria": {
      "has_sandstone": "2024-07-09 11:01:00 +0000"
    },
    "done": true
  },
  "furnitura:recipes/misc/wooden_couch_single_light_blue": {
    "criteria": {
      "has_oak_planks": "2024-07-09 09:34:12 +0000"
    },
    "done": true
  },
  "weeping_angels:recipes/tools/chisel": {
    "criteria": {
      "has_stone": "2024-07-09 09:40:20 +0000"
    },
    "done": true
  },
  "minecraft:story/mine_stone": {
    "criteria": {
      "get_stone": "2024-07-09 09:40:20 +0000"
    },
    "done": true
  },
  "minecraft:recipes/decorations/furnace": {
    "criteria": {
      "has_cobblestone": "2024-07-09 09:40:20 +0000"
    },
    "done": true
  },
  "furnitura:recipes/misc/oak_log_shelf": {
    "criteria": {
      "has_oak_planks": "2024-07-09 09:34:12 +0000"
    },
    "done": true
  },
  "minecraft:recipes/building_blocks/green_concrete_powder": {
    "criteria": {
      "has_sand": "2024-07-09 09:27:24 +0000"
    },
    "done": true
  },
  "furnitura:recipes/misc/couch_extendors": {
    "criteria": {
      "has_oak_planks": "2024-07-09 09:34:12 +0000"
    },
    "done": true
  },
  "furnitura:recipes/misc/wooden_couch_edge_right_brown": {
    "criteria": {
      "has_oak_planks": "2024-07-09 09:34:12 +0000"
    },
    "done": true
  },
  "furnitura:recipes/misc/wooden_couch_end_red": {
    "criteria": {
      "has_oak_planks": "2024-07-09 09:34:12 +0000"
    },
    "done": true
  },
  "minecraft:recipes/redstone/birch_door": {
    "criteria": {
      "has_planks": "2024-07-09 09:37:25 +0000"
    },
    "done": true
  },
  "travelersbackpack:recipes/misc/sandstone": {
    "criteria": {
      "has_sandstone": "2024-07-09 11:01:00 +0000"
    },
    "done": true
  },
  "furnitura:recipes/misc/wooden_couch_edge_yellow": {
    "criteria": {
      "has_oak_planks": "2024-07-09 09:34:12 +0000"
    },
    "done": true
  },
  "minecraft:recipes/decorations/birch_fence": {
    "criteria": {
      "has_planks": "2024-07-09 09:37:25 +0000"
    },
    "done": true
  },
  "minecraft:recipes/decorations/sandstone_wall_from_sandstone_stonecutting": {
    "criteria": {
      "has_sandstone": "2024-07-09 11:01:00 +0000"
    },
    "done": true
  },
  "minecraft:recipes/tools/wooden_axe": {
    "criteria": {
      "has_stick": "2024-07-09 09:34:43 +0000"
    },
    "done": true
  },
  "furnitura:recipes/misc/wooden_couch_single_white": {
    "criteria": {
      "has_oak_planks": "2024-07-09 09:34:12 +0000"
    },
    "done": true
  },
  "minecraft:recipes/decorations/painting": {
    "criteria": {
      "has_wool": "2024-07-09 09:39:43 +0000"
    },
    "done": true
  },
  "travelersbackpack:recipes/misc/creeper": {
    "criteria": {
      "has_gunpowder": "2024-07-09 10:48:43 +0000"
    },
    "done": true
  },
  "minecraft:recipes/building_blocks/blue_concrete_powder": {
    "criteria": {
      "has_sand": "2024-07-09 09:27:24 +0000"
    },
    "done": true
  },
  "minecraft:recipes/building_blocks/granite_slab_from_granite_stonecutting": {
    "criteria": {
      "has_granite": "2024-07-09 09:51:28 +0000"
    },
    "done": true
  },
  "furnitura:recipes/misc/single_cushion_white": {
    "criteria": {
      "has_oak_planks": "2024-07-09 09:34:12 +0000"
    },
    "done": true
  },
  "furnitura:recipes/misc/wooden_couch_end_brown": {
    "criteria": {
      "has_oak_planks": "2024-07-09 09:34:12 +0000"
    },
    "done": true
  },
  "minecraft:recipes/building_blocks/cut_sandstone": {
    "criteria": {
      "has_sandstone": "2024-07-09 11:01:00 +0000"
    },
    "done": true
  },
  "minecraft:recipes/food/cooked_salmon": {
    "criteria": {
      "has_salmon": "2024-07-09 10:58:16 +0000"
    },
    "done": true
  },
  "weeping_angels:recipes/decorations/plinth": {
    "criteria": {
      "has_crafting_table": "2024-07-09 09:51:28 +0000"
    },
    "done": true
  },
  "mysticsbiomes:recipes/transportation/jacaranda_boat": {
    "criteria": {
      "in_water": "2024-07-09 09:27:11 +0000"
    },
    "done": true
  },
  "minecraft:recipes/combat/leather_chestplate": {
    "criteria": {
      "has_leather": "2024-07-09 09:37:02 +0000"
    },
    "done": true
  },
  "minecraft:recipes/misc/magenta_dye_from_blue_red_pink": {
    "criteria": {
      "has_blue_dye": "2024-07-09 10:05:15 +0000"
    },
    "done": true
  },
  "furnitura:recipes/misc/wooden_couch_edge_light_blue": {
    "criteria": {
      "has_oak_planks": "2024-07-09 09:34:12 +0000"
    },
    "done": true
  },
  "mysticsbiomes:recipes/transportation/peach_boat": {
    "criteria": {
      "in_water": "2024-07-09 09:27:11 +0000"
    },
    "done": true
  },
  "minecraft:recipes/decorations/composter": {
    "criteria": {
      "has_wood_slab": "2024-07-09 10:16:20 +0000"
    },
    "done": true
  },
  "furnitura:recipes/misc/birch_chair": {
    "criteria": {
      "has_birch_planks": "2024-07-09 09:37:25 +0000"
    },
    "done": true
  },
  "minecraft:adventure/shoot_arrow": {
    "criteria": {
      "shot_arrow": "2024-07-09 10:41:07 +0000"
    },
    "done": true
  },
  "travelersbackpack:recipes/misc/crafting_upgrade": {
    "criteria": {
      "has_crafting_table": "2024-07-09 09:34:34 +0000"
    },
    "done": true
  },
  "minecraft:recipes/tools/fishing_rod": {
    "criteria": {
      "has_string": "2024-07-09 10:48:58 +0000"
    },
    "done": true
  },
  "minecraft:recipes/decorations/smoker": {
    "criteria": {
      "has_furnace": "2024-07-09 09:43:31 +0000"
    },
    "done": true
  },
  "minecraft:recipes/decorations/chest": {
    "criteria": {
      "has_lots_of_items": "2024-07-09 09:36:05 +0000"
    },
    "done": true
  },
  "minecraft:recipes/misc/stick": {
    "criteria": {
      "has_planks": "2024-07-09 09:34:12 +0000"
    },
    "done": true
  },
  "furnitura:recipes/misc/wooden_couch_edge_right_light_blue": {
    "criteria": {
      "has_oak_planks": "2024-07-09 09:34:12 +0000"
    },
    "done": true
  },
  "mysticsbiomes:recipes/transportation/sea_foam_boat": {
    "criteria": {
      "in_water": "2024-07-09 09:27:11 +0000"
    },
    "done": true
  },
  "minecraft:recipes/redstone/lectern": {
    "criteria": {
      "has_book": "2024-07-09 10:17:55 +0000"
    },
    "done": true
  },
  "furnitura:recipes/misc/cussion_low": {
    "criteria": {
      "has_oak_planks": "2024-07-09 09:34:12 +0000"
    },
    "done": true
  },
  "minecraft:adventure/sleep_in_bed": {
    "criteria": {
      "slept_in_bed": "2024-07-09 10:05:51 +0000"
    },
    "done": true
  },
  "minecraft:recipes/building_blocks/cobblestone_slab_from_cobblestone_stonecutting": {
    "criteria": {
      "has_cobblestone": "2024-07-09 09:40:20 +0000"
    },
    "done": true
  },
  "mysticsbiomes:recipes/transportation/cherry_boat": {
    "criteria": {
      "in_water": "2024-07-09 09:27:11 +0000"
    },
    "done": true
  },
  "minecraft:recipes/building_blocks/oak_stairs": {
    "criteria": {
      "has_planks": "2024-07-09 09:34:12 +0000"
    },
    "done": true
  },
  "furnitura:recipes/misc/couch_extenders_yellow": {
    "criteria": {
      "has_oak_planks": "2024-07-09 09:34:12 +0000"
    },
    "done": true
  },
  "minecraft:recipes/decorations/birch_sign": {
    "criteria": {
      "has_planks": "2024-07-09 09:37:25 +0000"
    },
    "done": true
  },
  "minecraft:recipes/transportation/cherry_boat": {
    "criteria": {
      "in_water": "2024-07-09 09:27:11 +0000"
    },
    "done": true
  },
  "minecraft:recipes/building_blocks/white_concrete_powder": {
    "criteria": {
      "has_sand": "2024-07-09 09:27:24 +0000"
    },
    "done": true
  },
  "minecraft:adventure/kill_all_mobs": {
    "criteria": {
      "minecraft:skeleton": "2024-07-09 10:48:07 +0000",
      "minecraft:spider": "2024-07-09 10:47:26 +0000",
      "minecraft:creeper": "2024-07-09 10:48:28 +0000",
      "minecraft:zombie": "2024-07-09 09:26:49 +0000",
      "minecraft:drowned": "2024-07-09 10:07:50 +0000"
    },
    "done": false
  },
  "minecraft:recipes/building_blocks/birch_wood": {
    "criteria": {
      "has_log": "2024-07-09 09:36:01 +0000"
    },
    "done": true
  },
  "minecraft:recipes/decorations/granite_wall_from_granite_stonecutting": {
    "criteria": {
      "has_granite": "2024-07-09 09:51:28 +0000"
    },
    "done": true
  },
  "minecraft:recipes/decorations/oak_fence": {
    "criteria": {
      "has_planks": "2024-07-09 09:34:12 +0000"
    },
    "done": true
  },
  "minecraft:recipes/food/cooked_porkchop_from_campfire_cooking": {
    "criteria": {
      "has_porkchop": "2024-07-09 10:12:50 +0000"
    },
    "done": true
  },
  "minecraft:recipes/building_blocks/chiseled_bookshelf": {
    "criteria": {
      "has_book": "2024-07-09 10:17:55 +0000"
    },
    "done": true
  },
  "furnitura:recipes/misc/blue_pet_bed": {
    "criteria": {
      "has_oak_planks": "2024-07-09 09:34:12 +0000"
    },
    "done": true
  },
  "minecraft:recipes/misc/red_dye_from_poppy": {
    "criteria": {
      "has_poppy": "2024-07-09 09:29:04 +0000"
    },
    "done": true
  },
  "minecraft:recipes/misc/yellow_dye_from_dandelion": {
    "criteria": {
      "has_dandelion": "2024-07-09 09:23:00 +0000"
    },
    "done": true
  },
  "furnitura:recipes/misc/oak_table": {
    "criteria": {
      "has_oak_planks": "2024-07-09 09:34:12 +0000"
    },
    "done": true
  },
  "minecraft:recipes/redstone/tripwire_hook": {
    "criteria": {
      "has_string": "2024-07-09 10:48:58 +0000"
    },
    "done": true
  },
  "furnitura:recipes/misc/wooden_couch_edge_right_gray": {
    "criteria": {
      "has_oak_planks": "2024-07-09 09:34:12 +0000"
    },
    "done": true
  },
  "minecraft:recipes/building_blocks/sandstone_stairs_from_sandstone_stonecutting": {
    "criteria": {
      "has_sandstone": "2024-07-09 11:01:00 +0000"
    },
    "done": true
  },
  "minecraft:recipes/redstone/birch_fence_gate": {
    "criteria": {
      "has_planks": "2024-07-09 09:37:25 +0000"
    },
    "done": true
  },
  "travelersbackpack:recipes/misc/spider": {
    "criteria": {
      "has_string": "2024-07-09 10:48:58 +0000"
    },
    "done": true
  },
  "minecraft:recipes/decorations/diorite_wall": {
    "criteria": {
      "has_diorite": "2024-07-09 09:53:47 +0000"
    },
    "done": true
  },
  "furnitura:recipes/misc/wooden_couch_edge_lime": {
    "criteria": {
      "has_oak_planks": "2024-07-09 09:34:12 +0000"
    },
    "done": true
  },
  "minecraft:recipes/building_blocks/stone": {
    "criteria": {
      "has_cobblestone": "2024-07-09 09:40:20 +0000"
    },
    "done": true
  },
  "furnitura:recipes/misc/wooden_couch_single_green": {
    "criteria": {
      "has_oak_planks": "2024-07-09 09:34:12 +0000"
    },
    "done": true
  },
  "minecraft:recipes/transportation/bamboo_raft": {
    "criteria": {
      "in_water": "2024-07-09 09:27:11 +0000"
    },
    "done": true
  },
  "furnitura:recipes/misc/couch_extenders_cyan": {
    "criteria": {
      "has_oak_planks": "2024-07-09 09:34:12 +0000"
    },
    "done": true
  },
  "furnitura:recipes/misc/wooden_couch_edge_left_red": {
    "criteria": {
      "has_oak_planks": "2024-07-09 09:34:12 +0000"
    },
    "done": true
  },
  "furnitura:recipes/misc/birch_table": {
    "criteria": {
      "has_birch_planks": "2024-07-09 09:37:25 +0000"
    },
    "done": true
  },
  "travelersbackpack:recipes/decorations/white_sleeping_bag": {
    "criteria": {
      "has_white_wool": "2024-07-09 09:39:43 +0000"
    },
    "done": true
  },
  "furnitura:recipes/misc/couch_extenders_purple": {
    "criteria": {
      "has_oak_planks": "2024-07-09 09:34:12 +0000"
    },
    "done": true
  },
  "travelersbackpack:recipes/building_blocks/dye_blue_sleeping_bag": {
    "criteria": {
      "has_needed_dye": "2024-07-09 10:05:15 +0000"
    },
    "done": true
  },
  "minecraft:recipes/misc/writable_book": {
    "criteria": {
      "has_book": "2024-07-09 10:17:55 +0000"
    },
    "done": true
  },
  "furnitura:recipes/misc/wooden_couch_end_light_blue": {
    "criteria": {
      "has_oak_planks": "2024-07-09 09:34:12 +0000"
    },
    "done": true
  },
  "furnitura:recipes/misc/wooden_couch_end_lime": {
    "criteria": {
      "has_oak_planks": "2024-07-09 09:34:12 +0000"
    },
    "done": true
  },
  "minecraft:recipes/decorations/candle": {
    "criteria": {
      "has_string": "2024-07-09 10:48:58 +0000"
    },
    "done": true
  },
  "minecraft:recipes/transportation/spruce_boat": {
    "criteria": {
      "in_water": "2024-07-09 09:27:11 +0000"
    },
    "done": true
  },
  "furnitura:recipes/misc/oak_stump": {
    "criteria": {
      "has_oak_planks": "2024-07-09 09:34:12 +0000"
    },
    "done": true
  },
  "minecraft:recipes/building_blocks/polished_granite_from_granite_stonecutting": {
    "criteria": {
      "has_granite": "2024-07-09 09:51:28 +0000"
    },
    "done": true
  },
  "minecraft:recipes/building_blocks/birch_slab": {
    "criteria": {
      "has_planks": "2024-07-09 09:37:25 +0000"
    },
    "done": true
  },
  "furnitura:recipes/misc/couch_extenders_orange": {
    "criteria": {
      "has_oak_planks": "2024-07-09 09:34:12 +0000"
    },
    "done": true
  },
  "minecraft:recipes/misc/leather_horse_armor": {
    "criteria": {
      "has_leather": "2024-07-09 09:37:02 +0000"
    },
    "done": true
  },
  "furnitura:recipes/misc/wooden_couch_end_blue": {
    "criteria": {
      "has_oak_planks": "2024-07-09 09:34:12 +0000"
    },
    "done": true
  },
  "minecraft:husbandry/root": {
    "criteria": {
      "consumed_item": "2024-07-09 09:31:03 +0000"
    },
    "done": true
  },
  "minecraft:recipes/transportation/birch_boat": {
    "criteria": {
      "in_water": "2024-07-09 09:27:11 +0000"
    },
    "done": true
  },
  "furnitura:recipes/misc/wooden_couch_edge_right_green": {
    "criteria": {
      "has_oak_planks": "2024-07-09 09:34:12 +0000"
    },
    "done": true
  },
  "minecraft:recipes/building_blocks/granite_slab": {
    "criteria": {
      "has_granite": "2024-07-09 09:51:28 +0000"
    },
    "done": true
  },
  "minecraft:recipes/decorations/white_carpet": {
    "criteria": {
      "has_white_wool": "2024-07-09 09:39:43 +0000"
    },
    "done": true
  },
  "minecraft:recipes/transportation/oak_boat": {
    "criteria": {
      "in_water": "2024-07-09 09:27:11 +0000"
    },
    "done": true
  },
  "minecraft:recipes/misc/paper": {
    "criteria": {
      "has_reeds": "2024-07-09 09:32:41 +0000"
    },
    "done": true
  },
  "furnitura:recipes/misc/wooden_couch_edge_right_white": {
    "criteria": {
      "has_oak_planks": "2024-07-09 09:34:12 +0000"
    },
    "done": true
  },
  "minecraft:recipes/building_blocks/polished_diorite_stairs_from_diorite_stonecutting": {
    "criteria": {
      "has_diorite": "2024-07-09 09:53:47 +0000"
    },
    "done": true
  },
  "furnitura:recipes/misc/wooden_couch_single_brown": {
    "criteria": {
      "has_oak_planks": "2024-07-09 09:34:12 +0000"
    },
    "done": true
  },
  "furnitura:recipes/misc/oak_shelf": {
    "criteria": {
      "has_oak_planks": "2024-07-09 09:34:12 +0000"
    },
    "done": true
  },
  "furnitura:recipes/misc/single_cushion_gray": {
    "criteria": {
      "has_oak_planks": "2024-07-09 09:34:12 +0000"
    },
    "done": true
  },
  "minecraft:recipes/building_blocks/coal_block": {
    "criteria": {
      "has_coal": "2024-07-09 09:42:26 +0000"
    },
    "done": true
  },
  "furnitura:recipes/misc/single_cushion_yellow": {
    "criteria": {
      "has_oak_planks": "2024-07-09 09:34:12 +0000"
    },
    "done": true
  },
  "furnitura:recipes/misc/couch_extenders_pink": {
    "criteria": {
      "has_oak_planks": "2024-07-09 09:34:12 +0000"
    },
    "done": true
  },
  "morevillagers:recipes/gardening_table": {
    "criteria": {
      "has_flower": "2024-07-09 09:19:54 +0000"
    },
    "done": true
  },
  "furnitura:recipes/misc/wooden_couch_single_gray": {
    "criteria": {
      "has_oak_planks": "2024-07-09 09:34:12 +0000"
    },
    "done": true
  },
  "travelersbackpack:recipes/misc/horse": {
    "criteria": {
      "has_leather": "2024-07-09 09:37:02 +0000"
    },
    "done": true
  },
  "furnitura:recipes/misc/oak_shelf_extenders": {
    "criteria": {
      "has_oak_planks": "2024-07-09 09:34:12 +0000"
    },
    "done": true
  },
  "minecraft:recipes/redstone/oak_button": {
    "criteria": {
      "has_planks": "2024-07-09 09:34:12 +0000"
    },
    "done": true
  },
  "furnitura:recipes/misc/wooden_couch_end_pink": {
    "criteria": {
      "has_oak_planks": "2024-07-09 09:34:12 +0000"
    },
    "done": true
  },
  "minecraft:recipes/building_blocks/birch_stairs": {
    "criteria": {
      "has_planks": "2024-07-09 09:37:25 +0000"
    },
    "done": true
  },
  "furnitura:recipes/misc/wooden_couch_end": {
    "criteria": {
      "has_oak_planks": "2024-07-09 09:34:12 +0000"
    },
    "done": true
  },
  "furnitura:recipes/misc/birch_log_shelf": {
    "criteria": {
      "has_birch_planks": "2024-07-09 09:37:25 +0000"
    },
    "done": true
  },
  "furnitura:recipes/misc/single_cushion_red": {
    "criteria": {
      "has_oak_planks": "2024-07-09 09:34:12 +0000"
    },
    "done": true
  },
  "furnitura:recipes/misc/wooden_couch_single": {
    "criteria": {
      "has_oak_planks": "2024-07-09 09:34:12 +0000"
    },
    "done": true
  },
  "mysticsbiomes:recipes/food/pink_frosted_cake": {
    "criteria": {
      "has_egg": "2024-07-09 10:32:00 +0000"
    },
    "done": true
  },
  "minecraft:recipes/building_blocks/lime_concrete_powder": {
    "criteria": {
      "has_sand": "2024-07-09 09:27:24 +0000"
    },
    "done": true
  },
  "furnitura:recipes/misc/wooden_couch_single_purple": {
    "criteria": {
      "has_oak_planks": "2024-07-09 09:34:12 +0000"
    },
    "done": true
  },
  "minecraft:recipes/transportation/mangrove_boat": {
    "criteria": {
      "in_water": "2024-07-09 09:27:11 +0000"
    },
    "done": true
  },
  "minecraft:recipes/decorations/torch": {
    "criteria": {
      "has_the_recipe": "2024-07-09 09:45:09 +0000"
    },
    "done": true
  },
  "minecraft:recipes/misc/flower_banner_pattern": {
    "criteria": {
      "has_oxeye_daisy": "2024-07-09 09:19:54 +0000"
    },
    "done": true
  },
  "furnitura:recipes/misc/wooden_couch_single_orange": {
    "criteria": {
      "has_oak_planks": "2024-07-09 09:34:12 +0000"
    },
    "done": true
  },
  "minecraft:recipes/building_blocks/sandstone_stairs": {
    "criteria": {
      "has_sandstone": "2024-07-09 11:01:00 +0000"
    },
    "done": true
  },
  "furnitura:recipes/misc/wooden_couch_edge": {
    "criteria": {
      "has_oak_planks": "2024-07-09 09:34:12 +0000"
    },
    "done": true
  },
  "furnitura:recipes/misc/small_table_birch": {
    "criteria": {
      "has_birch_planks": "2024-07-09 09:37:25 +0000"
    },
    "done": true
  },
  "furnitura:recipes/misc/single_cushion_purple": {
    "criteria": {
      "has_oak_planks": "2024-07-09 09:34:12 +0000"
    },
    "done": true
  },
  "minecraft:recipes/building_blocks/dye_blue_wool": {
    "criteria": {
      "has_needed_dye": "2024-07-09 10:05:15 +0000"
    },
    "done": true
  },
  "furnitura:recipes/misc/wooden_couch_single_light_gray": {
    "criteria": {
      "has_oak_planks": "2024-07-09 09:34:12 +0000"
    },
    "done": true
  },
  "furnitura:recipes/misc/birch_cabinet": {
    "criteria": {
      "has_birch_planks": "2024-07-09 09:37:25 +0000"
    },
    "done": true
  },
  "minecraft:recipes/misc/copper_ingot_from_blasting_raw_copper": {
    "criteria": {
      "has_raw_copper": "2024-07-09 09:55:33 +0000"
    },
    "done": true
  },
  "furnitura:recipes/misc/drawer": {
    "criteria": {
      "has_oak_planks": "2024-07-09 09:34:12 +0000"
    },
    "done": true
  },
  "furnitura:recipes/misc/wooden_couch_edge_cyan": {
    "criteria": {
      "has_oak_planks": "2024-07-09 09:34:12 +0000"
    },
    "done": true
  },
  "furnitura:recipes/misc/single_cushion_pink": {
    "criteria": {
      "has_oak_planks": "2024-07-09 09:34:12 +0000"
    },
    "done": true
  },
  "minecraft:recipes/food/cooked_beef_from_smoking": {
    "criteria": {
      "has_beef": "2024-07-09 09:36:55 +0000"
    },
    "done": true
  },
  "minecraft:recipes/misc/light_gray_dye_from_azure_bluet": {
    "criteria": {
      "has_azure_bluet": "2024-07-09 09:19:54 +0000"
    },
    "done": true
  },
  "minecraft:recipes/misc/light_blue_dye_from_blue_white_dye": {
    "criteria": {
      "has_blue_dye": "2024-07-09 10:05:15 +0000"
    },
    "done": true
  },
  "minecraft:recipes/building_blocks/orange_concrete_powder": {
    "criteria": {
      "has_sand": "2024-07-09 09:27:24 +0000"
    },
    "done": true
  },
  "minecraft:recipes/food/cooked_porkchop": {
    "criteria": {
      "has_porkchop": "2024-07-09 10:12:50 +0000"
    },
    "done": true
  },
  "minecraft:recipes/building_blocks/oak_slab": {
    "criteria": {
      "has_planks": "2024-07-09 09:34:12 +0000"
    },
    "done": true
  },
  "furnitura:recipes/misc/small_table_oak": {
    "criteria": {
      "has_oak_planks": "2024-07-09 09:34:12 +0000"
    },
    "done": true
  },
  "minecraft:recipes/building_blocks/raw_copper_block": {
    "criteria": {
      "has_raw_copper": "2024-07-09 09:55:33 +0000"
    },
    "done": true
  },
  "minecraft:recipes/building_blocks/granite_stairs": {
    "criteria": {
      "has_granite": "2024-07-09 09:51:28 +0000"
    },
    "done": true
  },
  "minecraft:recipes/food/cooked_salmon_from_smoking": {
    "criteria": {
      "has_salmon": "2024-07-09 10:58:16 +0000"
    },
    "done": true
  },
  "minecraft:recipes/building_blocks/diorite_stairs_from_diorite_stonecutting": {
    "criteria": {
      "has_diorite": "2024-07-09 09:53:47 +0000"
    },
    "done": true
  },
  "morevillagers:recipes/blueprint_table": {
    "criteria": {
      "has_paper": "2024-07-09 10:19:44 +0000"
    },
    "done": true
  },
  "mysticsbiomes:recipes/transportation/strawberry_boat": {
    "criteria": {
      "in_water": "2024-07-09 09:27:11 +0000"
    },
    "done": true
  },
  "furnitura:recipes/misc/single_cushion_blue": {
    "criteria": {
      "has_oak_planks": "2024-07-09 09:34:12 +0000"
    },
    "done": true
  },
  "furnitura:recipes/misc/wooden_couch_end_cyan": {
    "criteria": {
      "has_oak_planks": "2024-07-09 09:34:12 +0000"
    },
    "done": true
  },
  "furnitura:recipes/misc/single_cushion_orange": {
    "criteria": {
      "has_oak_planks": "2024-07-09 09:34:12 +0000"
    },
    "done": true
  },
  "minecraft:recipes/building_blocks/birch_planks": {
    "criteria": {
      "has_logs": "2024-07-09 09:36:01 +0000"
    },
    "done": true
  },
  "minecraft:recipes/building_blocks/granite_stairs_from_granite_stonecutting": {
    "criteria": {
      "has_granite": "2024-07-09 09:51:28 +0000"
    },
    "done": true
  },
  "travelersbackpack:recipes/misc/skeleton": {
    "criteria": {
      "has_arrow": "2024-07-09 10:17:56 +0000"
    },
    "done": true
  },
  "furnitura:recipes/misc/wooden_couch_edge_light_gray": {
    "criteria": {
      "has_oak_planks": "2024-07-09 09:34:12 +0000"
    },
    "done": true
  },
  "minecraft:recipes/building_blocks/dye_blue_carpet": {
    "criteria": {
      "has_needed_dye": "2024-07-09 10:05:15 +0000"
    },
    "done": true
  },
  "minecraft:recipes/brewing/fermented_spider_eye": {
    "criteria": {
      "has_spider_eye": "2024-07-09 10:49:03 +0000"
    },
    "done": true
  },
  "minecraft:recipes/tools/stone_pickaxe": {
    "criteria": {
      "has_cobblestone": "2024-07-09 09:40:20 +0000"
    },
    "done": true
  },
  "minecraft:recipes/misc/purple_dye": {
    "criteria": {
      "has_blue_dye": "2024-07-09 10:05:15 +0000"
    },
    "done": true
  },
  "furnitura:recipes/misc/single_leg_table_oak": {
    "criteria": {
      "has_oak_planks": "2024-07-09 09:34:12 +0000"
    },
    "done": true
  },
  "minecraft:recipes/food/cooked_mutton": {
    "criteria": {
      "has_mutton": "2024-07-09 09:39:43 +0000"
    },
    "done": true
  },
  "furnitura:recipes/misc/couch_extenders_white": {
    "criteria": {
      "has_oak_planks": "2024-07-09 09:34:12 +0000"
    },
    "done": true
  },
  "minecraft:recipes/building_blocks/magenta_concrete_powder": {
    "criteria": {
      "has_sand": "2024-07-09 09:27:24 +0000"
    },
    "done": true
  },
  "minecraft:recipes/building_blocks/cut_sandstone_from_sandstone_stonecutting": {
    "criteria": {
      "has_sandstone": "2024-07-09 11:01:00 +0000"
    },
    "done": true
  },
  "furnitura:recipes/misc/wooden_couch_edge_blue": {
    "criteria": {
      "has_oak_planks": "2024-07-09 09:34:12 +0000"
    },
    "done": true
  },
  "minecraft:recipes/decorations/campfire": {
    "criteria": {
      "has_stick": "2024-07-09 09:34:43 +0000"
    },
    "done": true
  },
  "furnitura:recipes/misc/wooden_couch_edge_right_light_gray": {
    "criteria": {
      "has_oak_planks": "2024-07-09 09:34:12 +0000"
    },
    "done": true
  },
  "minecraft:recipes/misc/sugar_from_sugar_cane": {
    "criteria": {
      "has_sugar_cane": "2024-07-09 09:32:41 +0000"
    },
    "done": true
  },
  "furnitura:recipes/misc/birch_shelf": {
    "criteria": {
      "has_birch_planks": "2024-07-09 09:37:25 +0000"
    },
    "done": true
  },
  "minecraft:recipes/tools/wooden_hoe": {
    "criteria": {
      "has_stick": "2024-07-09 09:34:43 +0000"
    },
    "done": true
  },
  "minecraft:recipes/building_blocks/chiseled_sandstone_from_sandstone_stonecutting": {
    "criteria": {
      "has_sandstone": "2024-07-09 11:01:00 +0000"
    },
    "done": true
  },
  "minecraft:recipes/decorations/granite_wall": {
    "criteria": {
      "has_granite": "2024-07-09 09:51:28 +0000"
    },
    "done": true
  },
  "travelersbackpack:recipes/misc/sheep": {
    "criteria": {
      "has_white_wool": "2024-07-09 09:39:43 +0000"
    },
    "done": true
  },
  "minecraft:recipes/decorations/white_banner": {
    "criteria": {
      "has_white_wool": "2024-07-09 09:39:43 +0000"
    },
    "done": true
  },
  "minecraft:recipes/redstone/oak_fence_gate": {
    "criteria": {
      "has_planks": "2024-07-09 09:34:12 +0000"
    },
    "done": true
  },
  "furnitura:recipes/misc/birch_stump": {
    "criteria": {
      "has_birch_planks": "2024-07-09 09:37:25 +0000"
    },
    "done": true
  },
  "minecraft:recipes/decorations/diorite_wall_from_diorite_stonecutting": {
    "criteria": {
      "has_diorite": "2024-07-09 09:53:47 +0000"
    },
    "done": true
  },
  "dungeons_arise:find_bathhouse": {
    "criteria": {
      "location0": "2024-07-09 10:56:53 +0000"
    },
    "done": true
  },
  "minecraft:recipes/misc/charcoal": {
    "criteria": {
      "has_log": "2024-07-09 09:33:46 +0000"
    },
    "done": true
  },
  "minecraft:recipes/tools/wooden_pickaxe": {
    "criteria": {
      "has_stick": "2024-07-09 09:34:43 +0000"
    },
    "done": true
  },
  "minecraft:recipes/building_blocks/polished_granite_slab_from_granite_stonecutting": {
    "criteria": {
      "has_granite": "2024-07-09 09:51:28 +0000"
    },
    "done": true
  },
  "furnitura:recipes/misc/single_cushion_lime": {
    "criteria": {
      "has_oak_planks": "2024-07-09 09:34:12 +0000"
    },
    "done": true
  },
  "minecraft:recipes/food/cooked_salmon_from_campfire_cooking": {
    "criteria": {
      "has_salmon": "2024-07-09 10:58:16 +0000"
    },
    "done": true
  },
  "minecraft:recipes/decorations/item_frame": {
    "criteria": {
      "has_leather": "2024-07-09 09:37:02 +0000"
    },
    "done": true
  },
  "minecraft:story/upgrade_tools": {
    "criteria": {
      "stone_pickaxe": "2024-07-09 09:48:39 +0000"
    },
    "done": true
  },
  "furnitura:recipes/misc/single_cushion_light_blue": {
    "criteria": {
      "has_oak_planks": "2024-07-09 09:34:12 +0000"
    },
    "done": true
  },
  "furnitura:recipes/misc/oak_cabinet": {
    "criteria": {
      "has_oak_planks": "2024-07-09 09:34:12 +0000"
    },
    "done": true
  },
  "furnitura:recipes/misc/wooden_couch_edge_pink": {
    "criteria": {
      "has_oak_planks": "2024-07-09 09:34:12 +0000"
    },
    "done": true
  },
  "minecraft:recipes/building_blocks/andesite": {
    "criteria": {
      "has_stone": "2024-07-09 09:53:47 +0000"
    },
    "done": true
  },
  "minecraft:recipes/building_blocks/cut_sandstone_slab_from_sandstone_stonecutting": {
    "criteria": {
      "has_sandstone": "2024-07-09 11:01:00 +0000"
    },
    "done": true
  },
  "minecraft:recipes/redstone/oak_pressure_plate": {
    "criteria": {
      "has_planks": "2024-07-09 09:34:12 +0000"
    },
    "done": true
  },
  "furnitura:recipes/misc/wooden_couch_edge_right_blue": {
    "criteria": {
      "has_oak_planks": "2024-07-09 09:34:12 +0000"
    },
    "done": true
  },
  "minecraft:recipes/building_blocks/sandstone_slab_from_sandstone_stonecutting": {
    "criteria": {
      "has_sandstone": "2024-07-09 11:01:00 +0000"
    },
    "done": true
  },
  "weeping_angels:recipes/decorations/statue": {
    "criteria": {
      "has_stone": "2024-07-09 09:51:28 +0000"
    },
    "done": true
  },
  "furnitura:recipes/misc/oak_crate": {
    "criteria": {
      "has_oak_planks": "2024-07-09 09:34:12 +0000"
    },
    "done": true
  },
  "furnitura:recipes/misc/wooden_couch_edge_right_red": {
    "criteria": {
      "has_oak_planks": "2024-07-09 09:34:12 +0000"
    },
    "done": true
  },
  "minecraft:recipes/redstone/oak_door": {
    "criteria": {
      "has_planks": "2024-07-09 09:34:12 +0000"
    },
    "done": true
  },
  "minecraft:recipes/transportation/carrot_on_a_stick": {
    "criteria": {
      "has_carrot": "2024-07-09 10:19:23 +0000"
    },
    "done": true
  },
  "minecraft:recipes/building_blocks/polished_granite": {
    "criteria": {
      "has_granite": "2024-07-09 09:51:28 +0000"
    },
    "done": true
  },
  "minecraft:recipes/redstone/birch_trapdoor": {
    "criteria": {
      "has_planks": "2024-07-09 09:37:25 +0000"
    },
    "done": true
  },
  "furnitura:recipes/misc/couch_edge_right_red": {
    "criteria": {
      "has_oak_planks": "2024-07-09 09:34:12 +0000"
    },
    "done": true
  },
  "furnitura:recipes/misc/couch_extenders_green": {
    "criteria": {
      "has_oak_planks": "2024-07-09 09:34:12 +0000"
    },
    "done": true
  },
  "furnitura:recipes/misc/wooden_couch_edge_right_lime": {
    "criteria": {
      "has_oak_planks": "2024-07-09 09:34:12 +0000"
    },
    "done": true
  },
  "minecraft:recipes/food/cooked_mutton_from_campfire_cooking": {
    "criteria": {
      "has_mutton": "2024-07-09 09:39:43 +0000"
    },
    "done": true
  },
  "minecraft:recipes/building_blocks/yellow_concrete_powder": {
    "criteria": {
      "has_sand": "2024-07-09 09:27:24 +0000"
    },
    "done": true
  },
  "furnitura:recipes/misc/wooden_couch_edge_white": {
    "criteria": {
      "has_oak_planks": "2024-07-09 09:34:12 +0000"
    },
    "done": true
  },
  "furnitura:recipes/misc/wooden_couch_end_light_gray": {
    "criteria": {
      "has_oak_planks": "2024-07-09 09:34:12 +0000"
    },
    "done": true
  },
  "minecraft:recipes/tools/wooden_shovel": {
    "criteria": {
      "has_stick": "2024-07-09 09:34:43 +0000"
    },
    "done": true
  },
  "minecraft:recipes/redstone/dispenser": {
    "criteria": {
      "has_bow": "2024-07-09 10:18:40 +0000"
    },
    "done": true
  },
  "furnitura:recipes/misc/birch_crate": {
    "criteria": {
      "has_birch_planks": "2024-07-09 09:37:25 +0000"
    },
    "done": true
  },
  "furnitura:recipes/misc/wooden_couch_end_yellow": {
    "criteria": {
      "has_oak_planks": "2024-07-09 09:34:12 +0000"
    },
    "done": true
  },
  "minecraft:recipes/building_blocks/cobblestone_slab": {
    "criteria": {
      "has_cobblestone": "2024-07-09 09:40:20 +0000"
    },
    "done": true
  },
  "furnitura:recipes/misc/wooden_couch_single_pink": {
    "criteria": {
      "has_oak_planks": "2024-07-09 09:34:12 +0000"
    },
    "done": true
  },
  "furnitura:recipes/misc/birch_mailbox": {
    "criteria": {
      "has_birch_planks": "2024-07-09 09:37:25 +0000"
    },
    "done": true
  },
  "minecraft:recipes/building_blocks/sandstone": {
    "criteria": {
      "has_sand": "2024-07-09 09:27:24 +0000"
    },
    "done": true
  },
  "minecraft:recipes/transportation/acacia_boat": {
    "criteria": {
      "in_water": "2024-07-09 09:27:11 +0000"
    },
    "done": true
  },
  "minecraft:adventure/root": {
    "criteria": {
      "killed_by_something": "2024-07-09 09:23:59 +0000"
    },
    "done": true
  },
  "minecraft:recipes/building_blocks/white_wool_from_string": {
    "criteria": {
      "has_string": "2024-07-09 10:48:58 +0000"
    },
    "done": true
  },
  "furnitura:recipes/misc/single_cushion_light_gray": {
    "criteria": {
      "has_oak_planks": "2024-07-09 09:34:12 +0000"
    },
    "done": true
  },
  "furnitura:recipes/misc/wooden_couch_edge_orange": {
    "criteria": {
      "has_oak_planks": "2024-07-09 09:34:12 +0000"
    },
    "done": true
  },
  "minecraft:recipes/misc/blue_dye_from_cornflower": {
    "criteria": {
      "has_cornflower": "2024-07-09 09:29:01 +0000"
    },
    "done": true
  },
  "minecraft:recipes/combat/wooden_sword": {
    "criteria": {
      "has_stick": "2024-07-09 09:34:43 +0000"
    },
    "done": true
  },
  "minecraft:recipes/building_blocks/oak_planks": {
    "criteria": {
      "has_logs": "2024-07-09 09:33:46 +0000"
    },
    "done": true
  },
  "minecraft:recipes/building_blocks/gray_concrete_powder": {
    "criteria": {
      "has_sand": "2024-07-09 09:27:24 +0000"
    },
    "done": true
  },
  "minecraft:recipes/building_blocks/dye_blue_bed": {
    "criteria": {
      "has_needed_dye": "2024-07-09 10:05:15 +0000"
    },
    "done": true
  },
  "minecraft:recipes/building_blocks/black_concrete_powder": {
    "criteria": {
      "has_sand": "2024-07-09 09:27:24 +0000"
    },
    "done": true
  },
  "minecraft:recipes/decorations/cartography_table": {
    "criteria": {
      "has_paper": "2024-07-09 10:19:44 +0000"
    },
    "done": true
  },
  "minecraft:recipes/combat/crossbow": {
    "criteria": {
      "has_string": "2024-07-09 10:48:58 +0000"
    },
    "done": true
  },
  "minecraft:recipes/food/cooked_porkchop_from_smoking": {
    "criteria": {
      "has_porkchop": "2024-07-09 10:12:50 +0000"
    },
    "done": true
  },
  "minecraft:recipes/building_blocks/polished_diorite_from_diorite_stonecutting": {
    "criteria": {
      "has_diorite": "2024-07-09 09:53:47 +0000"
    },
    "done": true
  },
  "furnitura:recipes/misc/wooden_couch_single_blue": {
    "criteria": {
      "has_oak_planks": "2024-07-09 09:34:12 +0000"
    },
    "done": true
  },
  "minecraft:adventure/kill_a_mob": {
    "criteria": {
      "minecraft:zombie": "2024-07-09 09:26:49 +0000"
    },
    "done": true
  },
  "furnitura:recipes/misc/single_cushion_green": {
    "criteria": {
      "has_oak_planks": "2024-07-09 09:34:12 +0000"
    },
    "done": true
  },
  "minecraft:recipes/decorations/barrel": {
    "criteria": {
      "has_planks": "2024-07-09 09:34:12 +0000"
    },
    "done": true
  },
  "furnitura:recipes/misc/wooden_couch_edge_right_pink": {
    "criteria": {
      "has_oak_planks": "2024-07-09 09:34:12 +0000"
    },
    "done": true
  },
  "furnitura:recipes/misc/wooden_couch_edge_purple": {
    "criteria": {
      "has_oak_planks": "2024-07-09 09:34:12 +0000"
    },
    "done": true
  },
  "minecraft:recipes/combat/leather_boots": {
    "criteria": {
      "has_leather": "2024-07-09 09:37:02 +0000"
    },
    "done": true
  },
  "minecraft:recipes/decorations/cobblestone_wall_from_cobblestone_stonecutting": {
    "criteria": {
      "has_cobblestone": "2024-07-09 09:40:20 +0000"
    },
    "done": true
  },
  "minecraft:recipes/decorations/sandstone_wall": {
    "criteria": {
      "has_sandstone": "2024-07-09 11:01:00 +0000"
    },
    "done": true
  },
  "furnitura:recipes/misc/couch_extenders_brown": {
    "criteria": {
      "has_oak_planks": "2024-07-09 09:34:12 +0000"
    },
    "done": true
  },
  "minecraft:recipes/misc/light_gray_dye_from_oxeye_daisy": {
    "criteria": {
      "has_oxeye_daisy": "2024-07-09 09:19:54 +0000"
    },
    "done": true
  },
  "furnitura:recipes/misc/wooden_couch_edge_right": {
    "criteria": {
      "has_oak_planks": "2024-07-09 09:34:12 +0000"
    },
    "done": true
  },
  "furnitura:recipes/misc/wooden_couch_single_lime": {
    "criteria": {
      "has_oak_planks": "2024-07-09 09:34:12 +0000"
    },
    "done": true
  },
  "minecraft:recipes/building_blocks/cobblestone_stairs_from_cobblestone_stonecutting": {
    "criteria": {
      "has_cobblestone": "2024-07-09 09:40:20 +0000"
    },
    "done": true
  },
  "minecraft:recipes/decorations/white_bed": {
    "criteria": {
      "has_white_wool": "2024-07-09 09:39:43 +0000"
    },
    "done": true
  },
  "furnitura:recipes/misc/couch_extenders_light_gray": {
    "criteria": {
      "has_oak_planks": "2024-07-09 09:34:12 +0000"
    },
    "done": true
  },
  "travelersbackpack:recipes/misc/bookshelf": {
    "criteria": {
      "has_book": "2024-07-09 10:17:55 +0000"
    },
    "done": true
  },
  "furnitura:recipes/misc/wooden_couch_single_yellow": {
    "criteria": {
      "has_oak_planks": "2024-07-09 09:34:12 +0000"
    },
    "done": true
  },
  "minecraft:recipes/redstone/birch_pressure_plate": {
    "criteria": {
      "has_planks": "2024-07-09 09:37:25 +0000"
    },
    "done": true
  },
  "minecraft:recipes/building_blocks/diorite_slab_from_diorite_stonecutting": {
    "criteria": {
      "has_diorite": "2024-07-09 09:53:47 +0000"
    },
    "done": true
  },
  "minecraft:recipes/misc/firework_rocket_simple": {
    "criteria": {
      "has_gunpowder": "2024-07-09 10:48:43 +0000"
    },
    "done": true
  },
  "minecraft:husbandry/balanced_diet": {
    "criteria": {
      "cooked_porkchop": "2024-07-09 10:49:22 +0000",
      "cooked_mutton": "2024-07-09 09:44:19 +0000",
      "cooked_beef": "2024-07-09 10:20:06 +0000",
      "rotten_flesh": "2024-07-09 09:31:03 +0000",
      "carrot": "2024-07-09 10:46:58 +0000"
    },
    "done": false
  },
  "minecraft:recipes/building_blocks/cobblestone_stairs": {
    "criteria": {
      "has_cobblestone": "2024-07-09 09:40:20 +0000"
    },
    "done": true
  },
  "furnitura:recipes/misc/couch_extenders_gray": {
    "criteria": {
      "has_oak_planks": "2024-07-09 09:34:12 +0000"
    },
    "done": true
  },
  "furnitura:recipes/misc/single_cushion_cyan": {
    "criteria": {
      "has_oak_planks": "2024-07-09 09:34:12 +0000"
    },
    "done": true
  },
  "minecraft:recipes/building_blocks/polished_diorite_slab_from_diorite_stonecutting": {
    "criteria": {
      "has_diorite": "2024-07-09 09:53:47 +0000"
    },
    "done": true
  },
  "minecraft:recipes/misc/magenta_dye_from_blue_red_white_dye": {
    "criteria": {
      "has_blue_dye": "2024-07-09 10:05:15 +0000"
    },
    "done": true
  },
  "minecraft:recipes/redstone/tnt": {
    "criteria": {
      "has_gunpowder": "2024-07-09 10:48:43 +0000"
    },
    "done": true
  },
  "minecraft:recipes/building_blocks/purple_concrete_powder": {
    "criteria": {
      "has_sand": "2024-07-09 09:27:24 +0000"
    },
    "done": true
  },
  "furnitura:recipes/misc/oak_chair": {
    "criteria": {
      "has_oak_planks": "2024-07-09 09:34:12 +0000"
    },
    "done": true
  },
  "furnitura:recipes/misc/wooden_couch_edge_right_cyan": {
    "criteria": {
      "has_oak_planks": "2024-07-09 09:34:12 +0000"
    },
    "done": true
  },
  "furnitura:recipes/misc/wooden_couch_single_cyan": {
    "criteria": {
      "has_oak_planks": "2024-07-09 09:34:12 +0000"
    },
    "done": true
  },
  "furnitura:recipes/misc/wooden_couch_single_red": {
    "criteria": {
      "has_oak_planks": "2024-07-09 09:34:12 +0000"
    },
    "done": true
  },
  "minecraft:recipes/tools/stone_hoe": {
    "criteria": {
      "has_cobblestone": "2024-07-09 09:40:20 +0000"
    },
    "done": true
  },
  "furnitura:recipes/misc/wooden_couch_edge_right_orange": {
    "criteria": {
      "has_oak_planks": "2024-07-09 09:34:12 +0000"
    },
    "done": true
  },
  "minecraft:recipes/building_blocks/polished_granite_stairs_from_granite_stonecutting": {
    "criteria": {
      "has_granite": "2024-07-09 09:51:28 +0000"
    },
    "done": true
  },
  "minecraft:recipes/building_blocks/cyan_concrete_powder": {
    "criteria": {
      "has_sand": "2024-07-09 09:27:24 +0000"
    },
    "done": true
  },
  "travelersbackpack:recipes/misc/pig": {
    "criteria": {
      "has_porkchop": "2024-07-09 10:12:50 +0000"
    },
    "done": true
  },
  "furnitura:recipes/misc/single_cushion_brown": {
    "criteria": {
      "has_oak_planks": "2024-07-09 09:34:12 +0000"
    },
    "done": true
  },
  "minecraft:recipes/decorations/loom": {
    "criteria": {
      "has_string": "2024-07-09 10:48:58 +0000"
    },
    "done": true
  },
  "travelersbackpack:recipes/misc/cake": {
    "criteria": {
      "has_egg": "2024-07-09 10:32:00 +0000"
    },
    "done": true
  },
  "minecraft:recipes/tools/stone_shovel": {
    "criteria": {
      "has_cobblestone": "2024-07-09 09:40:20 +0000"
    },
    "done": true
  },
  "minecraft:recipes/building_blocks/diorite_stairs": {
    "criteria": {
      "has_diorite": "2024-07-09 09:53:47 +0000"
    },
    "done": true
  },
  "minecraft:recipes/building_blocks/oak_wood": {
    "criteria": {
      "has_log": "2024-07-09 09:33:46 +0000"
    },
    "done": true
  },
  "minecraft:story/root": {
    "criteria": {
      "crafting_table": "2024-07-09 09:34:34 +0000"
    },
    "done": true
  },
  "furnitura:recipes/misc/wooden_couch_end_white": {
    "criteria": {
      "has_oak_planks": "2024-07-09 09:34:12 +0000"
    },
    "done": true
  },
  "minecraft:recipes/food/cooked_beef": {
    "criteria": {
      "has_beef": "2024-07-09 09:36:55 +0000"
    },
    "done": true
  },
  "minecraft:recipes/misc/copper_ingot_from_smelting_raw_copper": {
    "criteria": {
      "has_raw_copper": "2024-07-09 09:55:33 +0000"
    },
    "done": true
  },
  "furnitura:recipes/misc/wooden_couch_edge_brown": {
    "criteria": {
      "has_oak_planks": "2024-07-09 09:34:12 +0000"
    },
    "done": true
  },
  "minecraft:recipes/transportation/jungle_boat": {
    "criteria": {
      "in_water": "2024-07-09 09:27:11 +0000"
    },
    "done": true
  },
  "mysticsbiomes:recipes/transportation/maple_boat": {
    "criteria": {
      "in_water": "2024-07-09 09:27:11 +0000"
    },
    "done": true
  },
  "minecraft:recipes/transportation/dark_oak_boat": {
    "criteria": {
      "in_water": "2024-07-09 09:27:11 +0000"
    },
    "done": true
  },
  "minecraft:recipes/food/cooked_beef_from_campfire_cooking": {
    "criteria": {
      "has_beef": "2024-07-09 09:36:55 +0000"
    },
    "done": true
  },
  "furnitura:recipes/misc/wooden_couch_end_orange": {
    "criteria": {
      "has_oak_planks": "2024-07-09 09:34:12 +0000"
    },
    "done": true
  },
  "DataVersion": 3465
}