{
  "morevillagers:root": {
    "criteria": {
      "always": "2024-07-09 10:21:41 +0000"
    },
    "done": true
  },
  "minecraft:recipes/decorations/crafting_table": {
    "criteria": {
      "unlock_right_away": "2024-07-09 10:21:41 +0000"
    },
    "done": true
  },
  "dungeons_arise:wda_root": {
    "criteria": {
      "WDA": "2024-07-09 10:21:41 +0000"
    },
    "done": true
  },
  "minecraft:adventure/adventuring_time": {
    "criteria": {
      "minecraft:snowy_slopes": "2024-07-09 10:27:55 +0000",
      "minecraft:meadow": "2024-07-09 10:26:51 +0000",
      "minecraft:plains": "2024-07-09 10:21:42 +0000"
    },
    "done": false
  },
  "DataVersion": 3465
}